Rk,Player,Tm,Age,Pos,G,GS,Att,Yds,1D,YBC,YBC/Att,YAC,YAC/Att,BrkTkl,Att/Br,ID
1,Derrick Henry *,TEN,25,RB,15,15,303,1540,73,572,1.9,968,3.2,29,10.4,HenrDe00
2,Ezekiel Elliott*,DAL,24,RB,16,16,301,1357,78,678,2.3,679,2.3,24,12.5,ElliEz00
3,Nick Chubb*,CLE,24,RB,16,16,298,1494,62,612,2.1,882,3.0,32,9.3,ChubNi00
4,Christian McCaffrey*+,CAR,23,RB,16,16,287,1387,57,874,3.0,513,1.8,16,17.9,McCaCh01
5,Chris Carson,SEA,25,RB,15,15,278,1230,75,496,1.8,734,2.6,28,9.9,CarsCh00
6,Joe Mixon,CIN,23,RB,16,15,278,1137,56,492,1.8,645,2.3,24,11.6,MixoJo00
7,Leonard Fournette,JAX,24,RB,15,15,265,1152,55,360,1.4,792,3.0,16,16.6,FourLe00
8,Dalvin Cook*,MIN,24,RB,14,14,250,1135,60,539,2.2,596,2.4,20,12.5,CookDa01
9,Marlon Mack,IND,23,RB,14,12,247,1091,67,591,2.4,500,2.0,12,20.6,MackMa00
10,Sony Michel,NWE,24,RB,16,14,247,912,55,521,2.1,391,1.6,16,15.4,MichSo00
11,Le'Veon Bell,NYJ,27,RB,15,15,245,789,36,287,1.2,502,2.0,16,15.3,BellLe00
12,Carlos Hyde,HOU,29,RB,16,14,245,1070,55,525,2.1,545,2.2,22,11.1,HydeCa00
13,Josh Jacobs,OAK,21,RB,13,13,242,1150,53,467,1.9,683,2.8,26,9.3,JacoJo01
14,David Montgomery,CHI,22,rb,16,8,242,889,50,496,2.0,393,1.6,28,8.6,MontDa01
15,Aaron Jones,GNB,25,RB,16,16,236,1084,55,569,2.4,515,2.2,32,7.4,JoneAa00
16,Phillip Lindsay,DEN,25,RB,16,16,224,1011,38,603,2.7,408,1.8,29,7.7,LindPh00
17,Todd Gurley,LAR,25,RB,15,15,223,857,51,483,2.2,374,1.7,21,10.6,GurlTo01
18,Saquon Barkley,NYG,22,RB,13,13,217,1003,45,398,1.8,605,2.8,16,13.6,BarkSa00
19,Adrian Peterson,WAS,34,RB,15,15,211,898,41,374,1.8,524,2.5,7,30.1,PeteAd01
20,Mark Ingram*,BAL,30,RB,15,15,202,1018,53,494,2.4,524,2.6,18,11.2,IngrMa01
21,Devonta Freeman,ATL,27,RB,14,14,184,656,31,363,2.0,293,1.6,11,16.7,FreeDe00
22,Miles Sanders,PHI,22,RB,16,11,179,818,30,445,2.5,373,2.1,16,11.2,SandMi01
23,Lamar Jackson*+,BAL,22,QB,15,15,176,1206,71,867,4.9,339,1.9,3,58.7,JackLa00
24,Ronald Jones II,TAM,22,RB,16,9,172,724,34,309,1.8,415,2.4,23,7.5,JoneRo01
25,Alvin Kamara*,NOR,24,RB,14,9,171,797,32,396,2.3,401,2.3,29,5.9,KamaAl00
26,Kenyan Drake,2TM,25,,14,10,170,817,48,479,2.8,338,2.0,12,14.2,DrakKe00
27,Frank Gore,BUF,36,rb,16,8,166,599,30,260,1.6,339,2.0,10,16.6,GoreFr00
28,Melvin Gordon,LAC,26,RB,12,11,162,612,39,312,1.9,300,1.9,8,20.3,GordMe00
29,Peyton Barber,TAM,25,rb,16,7,154,470,23,204,1.3,266,1.7,8,19.3,BarbPe01
30,Devin Singletary,BUF,22,RB,12,8,151,775,37,413,2.7,362,2.4,20,7.6,SingDe00
31,Latavius Murray,NOR,29,rb,16,8,146,637,38,390,2.7,247,1.7,11,13.3,MurrLa00
32,Tevin Coleman,SFO,26,RB,14,11,137,544,26,354,2.6,190,1.4,5,27.4,ColeTe01
33,Raheem Mostert,SFO,27,rb,16,0,137,772,31,475,3.5,297,2.2,12,11.4,MostRa00
34,Gus Edwards,BAL,24,rb,16,1,133,711,46,335,2.5,376,2.8,7,19.0,EdwaGu00
35,Austin Ekeler,LAC,24,rb,16,8,132,557,32,233,1.8,324,2.5,12,11.0,EkelAu00
36,Royce Freeman,DEN,23,rb,16,0,132,496,22,244,1.8,252,1.9,8,16.5,FreeRo00
37,Matt Breida,SFO,24,rb,13,5,123,623,23,402,3.3,221,1.8,8,15.4,BreiMa00
38,Jordan Howard,PHI,25,rb,10,4,119,525,28,243,2.0,282,2.4,4,29.8,HowaJo00
39,James Conner,PIT,24,RB,10,10,116,464,26,199,1.7,265,2.3,5,23.2,ConnJa00
40,Kerryon Johnson,DET,22,RB,8,7,113,403,22,177,1.6,226,2.0,8,14.1,JohnKe06
41,Damien Williams,KAN,27,rb,11,6,111,498,22,141,1.3,357,3.2,15,7.4,WillDa05
42,Josh Allen,BUF,23,QB,16,16,109,510,42,267,2.4,243,2.2,5,21.8,AlleJo02
43,Benny Snell Jr.,PIT,21,rb,13,2,108,426,19,125,1.2,301,2.8,7,15.4,SnelBe00
44,DeAndre Washington,OAK,26,rb,16,3,108,387,23,186,1.7,201,1.9,5,21.6,WashDe00
45,Jamaal Williams,GNB,24,rb,14,2,107,460,23,270,2.5,190,1.8,5,21.4,WillJa06
46,LeSean McCoy,KAN,31,RB,13,9,101,465,24,265,2.6,200,2.0,5,20.2,McCoLe01
47,Alexander Mattison,MIN,21,rb,13,0,100,462,19,267,2.7,195,2.0,11,9.1,MattAl01
48,David Johnson,ARI,28,rb,13,9,94,345,20,175,1.9,170,1.8,6,15.7,JohnDa08
49,Kyler Murray,ARI,22,QB,16,16,93,544,27,445,4.8,99,1.1,4,23.3,MurrKy00
50,Bo Scarbrough,DET,25,rb,6,5,89,377,15,183,2.1,194,2.2,5,17.8,ScarBo01
51,Tony Pollard,DAL,22,rb,15,0,86,455,21,146,1.7,309,3.6,10,8.6,PollTo00
52,Duke Johnson,HOU,26,rb,16,2,83,410,17,175,2.1,235,2.8,8,10.4,JohnDu00
53,Deshaun Watson*,HOU,24,QB,15,15,82,413,29,351,4.3,62,0.8,3,27.3,WatsDe00
54,Brian Hill,ATL,24,rb,12,2,78,323,19,157,2.0,166,2.1,3,26.0,HillBr02
55,Russell Wilson*,SEA,31,QB,16,16,75,342,17,290,3.9,52,0.7,1,75.0,WilsRu00
56,Kalen Ballage,MIA,24,RB,12,6,74,135,10,50,0.7,85,1.1,1,74.0,BallKa00
57,Malcolm Brown,LAR,26,rb,14,1,69,255,16,110,1.6,145,2.1,10,6.9,BrowMa03
58,Gardner Minshew II,JAX,23,QB,14,12,67,344,20,256,3.8,88,1.3,2,33.5,MinsGa00
59,James White,NWE,27,rb,15,1,67,263,15,165,2.5,98,1.5,3,22.3,WhitJa02
60,Jaylen Samuels,PIT,23,te,14,4,66,175,9,49,0.7,126,1.9,3,22.0,SamuJa00
61,Rex Burkhead,NWE,29,rb,13,1,65,302,18,157,2.4,145,2.2,6,10.8,BurkRe00
62,Rashaad Penny,SEA,23,rb,10,0,65,370,16,186,2.9,184,2.8,5,13.0,PennRa00
63,Tarik Cohen,CHI,24,RB,16,11,64,213,15,134,2.1,79,1.2,6,10.7,CoheTa00
64,Ty Johnson,DET,22,rb,16,1,63,273,11,120,1.9,153,2.4,5,12.6,JohnTy02
65,Patrick Laird,MIA,24,rb,15,4,62,168,9,86,1.4,82,1.3,5,12.4,LairPa00
66,Carson Wentz,PHI,27,QB,16,16,62,243,21,167,2.7,76,1.2,4,15.5,WentCa00
67,Boston Scott,PHI,24,rb,11,2,61,245,17,136,2.2,109,1.8,2,30.5,ScotBo02
68,Chase Edmonds,ARI,23,rb,13,2,60,303,12,180,3.0,123,2.1,4,15.0,EdmoCh00
69,Bilal Powell,NYJ,31,rb,13,1,59,229,12,82,1.4,147,2.5,4,14.8,PoweBi00
70,Jameis Winston,TAM,25,QB,16,16,59,250,18,193,3.3,57,1.0,2,29.5,WinsJa00
71,Justice Hill,BAL,22,rb,16,0,58,225,10,125,2.2,100,1.7,3,19.3,HillJu00
72,Jacoby Brissett,IND,27,QB,15,15,56,228,20,186,3.3,42,0.8,1,56.0,BrisJa00
73,Ryan Fitzpatrick,MIA,37,QB,15,13,54,243,16,195,3.6,48,0.9,3,18.0,FitzRy00
74,Dion Lewis,TEN,29,rb,16,1,54,209,6,82,1.5,127,2.4,7,7.7,LewiDi00
75,Giovani Bernard,CIN,28,rb,16,2,53,170,10,66,1.2,104,2.0,6,8.8,BernGi00
76,Mark Walton,MIA,22,rb,7,4,53,201,11,91,1.7,110,2.1,1,53.0,WaltMa00
77,Nyheim Hines,IND,23,rb,16,2,52,199,16,118,2.3,81,1.6,2,26.0,HineNy00
78,Dak Prescott,DAL,26,QB,16,16,52,277,19,178,3.4,99,1.9,7,7.4,PresDa01
79,Jordan Wilkins,IND,25,rb,14,1,51,307,12,140,2.7,167,3.3,4,12.8,WilkJo01
80,Mike Boone,MIN,24,rb,16,2,49,273,9,93,1.9,180,3.7,2,24.5,BoonMi00
81,Jonathan Williams,IND,25,rb,9,1,49,235,13,102,2.1,133,2.7,7,7.0,WillJo07
82,Mitchell Trubisky,CHI,25,QB,15,15,48,193,12,140,2.9,53,1.1,4,12.0,TrubMi00
83,Jimmy Garoppolo,SFO,28,QB,16,16,46,62,13,45,1.0,17,0.4,1,46.0,GaroJi00
84,Aaron Rodgers*,GNB,36,QB,16,16,46,183,9,155,3.4,28,0.6,0,,RodgAa00
85,Daniel Jones,NYG,22,QB,13,12,45,279,21,236,5.2,43,1.0,2,22.5,JoneDa05
86,Kareem Hunt,CLE,24,rb,8,3,43,179,8,65,1.5,114,2.7,4,10.8,HuntKa00
87,Patrick Mahomes*,KAN,24,QB,14,14,43,218,15,194,4.5,24,0.6,1,43.0,MahoPa00
88,Ryan Tannehill*,TEN,31,QB,12,10,43,185,14,156,3.6,29,0.7,1,43.0,TannRy00
89,Derrius Guice,WAS,22,rb,5,1,42,245,9,52,1.2,193,4.6,3,14.0,GuicDe00
90,Darrel Williams,KAN,24,rb,12,0,41,141,12,81,2.0,60,1.5,1,41.0,WillDa10
91,Darrell Henderson,LAR,22,rb,13,0,39,147,10,84,2.2,63,1.6,7,5.6,HendDa00
92,Jalen Richard,OAK,26,rb,16,0,39,145,10,90,2.3,55,1.4,0,,RichJa01
93,J.D. McKissic,DET,26,wr,16,3,38,205,8,112,2.9,93,2.4,3,12.7,McKiJ.00
94,Chris Thompson,WAS,29,rb,11,0,37,138,7,74,2.0,64,1.7,2,18.5,ThomCh03
95,Darwin Thompson,KAN,22,rb,12,0,37,128,9,58,1.6,70,1.9,4,9.3,ThomDa06
96,Myles Gaskin,MIA,22,rb,7,0,36,133,7,28,0.8,105,2.9,0,,GaskMy00
97,Ryquell Armstead,JAX,23,rb,16,1,35,108,5,18,0.5,90,2.6,2,17.5,ArmsRy00
98,Matt Ryan,ATL,34,QB,15,15,34,147,10,133,3.9,14,0.4,0,,RyanMa00
99,Sam Darnold,NYJ,22,QB,13,13,33,62,6,54,1.6,8,0.2,0,,DarnSa00
100,Jared Goff,LAR,25,QB,16,16,33,40,5,36,1.1,4,0.1,0,,GoffJa00
101,Kyle Allen,CAR,23,QB,13,12,32,106,9,81,2.5,25,0.8,2,16.0,AlleKy00
102,Andy Dalton,CIN,32,QB,13,13,32,73,12,41,1.3,32,1.0,1,32.0,DaltAn00
103,Ty Montgomery,NYJ,26,wr,16,2,32,103,2,61,1.9,42,1.3,0,,MontTy01
104,Kirk Cousins*,MIN,31,QB,15,15,31,63,8,51,1.6,12,0.4,0,,CousKi00
105,Jon Hilliman,NYG,24,rb,3,1,30,91,6,45,1.5,46,1.5,0,,HillJo03
106,Wayne Gallman,NYG,25,rb,10,2,29,110,6,72,2.5,38,1.3,0,,GallWa00
107,Justin Jackson,LAC,23,rb,7,0,29,200,9,99,3.4,101,3.5,4,7.3,JackJu01
108,Teddy Bridgewater,NOR,27,qb,9,5,28,31,4,16,0.6,15,0.5,0,,BridTe00
109,Baker Mayfield,CLE,24,QB,16,16,28,141,15,110,3.9,31,1.1,2,14.0,MayfBa00
110,Derek Carr,OAK,28,QB,16,16,27,82,7,81,3.0,1,0.0,0,,CarrDe02
111,Taysom Hill,NOR,29,wr,16,5,27,156,10,107,4.0,49,1.8,1,27.0,HillTa00
112,Jeff Wilson,SFO,24,rb,10,0,27,105,9,66,2.4,39,1.4,0,,WilsJe01
113,Tom Brady,NWE,42,QB,16,16,26,34,8,30,1.2,4,0.2,0,,BradTo00
114,Marcus Mariota,TEN,26,qb,7,6,24,129,5,98,4.1,31,1.3,1,24.0,MariMa01
115,Kerrith Whyte Jr,PIT,23,rb,6,0,24,122,5,47,2.0,75,3.1,1,24.0,WhytKe00
116,Ameer Abdullah,MIN,26,rb,16,0,23,115,4,77,3.3,38,1.7,2,11.5,AbduAm00
117,C.J. Prosise,SEA,25,rb,9,0,23,72,4,39,1.7,33,1.4,1,23.0,ProsC.00
118,Jeff Driskel,DET,26,qb,3,3,22,151,10,126,5.7,25,1.1,1,22.0,DrisJe00
119,Trey Edmunds,PIT,25,te,11,0,22,92,2,53,2.4,39,1.8,0,,EdmuTr00
120,Qadree Ollison,ATL,23,rb,8,0,22,50,6,29,1.3,21,1.0,0,,OlliQa00
121,Wendell Smallwood,WAS,25,rb,15,0,22,81,4,47,2.1,34,1.5,1,22.0,SmalWe00
122,Ito Smith,ATL,24,rb,7,0,22,106,10,71,3.2,35,1.6,2,11.0,SmitIt00
123,Devlin Hodges,PIT,23,qb,8,6,21,68,5,64,3.0,4,0.2,0,,HodgDe00
124,Mason Rudolph,PIT,24,QB,10,8,21,42,6,21,1.0,21,1.0,1,21.0,RudoMa00
125,Robert Griffin III,BAL,29,qb,7,1,20,70,5,51,2.6,19,1.0,1,20.0,GrifRo01
126,Dwayne Haskins,WAS,22,qb,9,7,20,101,7,72,3.6,29,1.5,0,,HaskDw00
127,Matthew Stafford,DET,31,QB,8,8,20,66,5,54,2.7,12,0.6,1,20.0,StafMa00
128,Curtis Samuel,CAR,23,WR,16,15,19,130,7,103,5.4,27,1.4,1,19.0,SamuCu00
129,Tra Carson,2TM,27,,3,1,18,48,3,19,1.1,29,1.6,0,,CarsTr01
130,Travis Homer,SEA,21,rb,16,1,18,114,6,82,4.6,32,1.8,0,,HomeTr00
131,Drew Lock,DEN,23,qb,5,5,18,72,5,63,3.5,9,0.5,2,9.0,LockDr00
132,Cordarrelle Patterson*+,CHI,28,wr,16,4,17,103,4,81,4.8,22,1.3,3,5.7,PattCo00
133,Darren Sproles,PHI,36,rb,6,1,17,66,3,40,2.4,26,1.5,0,,SproDa00
134,Spencer Ware,KAN,28,rb,3,1,17,51,3,21,1.2,30,1.8,2,8.5,WareSp00
135,Robert Woods,LAR,27,WR,15,15,17,115,5,81,4.8,34,2.0,3,5.7,WoodRo02
136,T.J. Yeldon,BUF,26,rb,6,0,17,63,5,15,0.9,48,2.8,4,4.3,YeldT.00
137,C.J. Anderson,DET,28,rb,2,0,16,43,1,6,0.4,37,2.3,1,16.0,AndeC.00
138,Reggie Bonnafon,CAR,23,rb,16,0,16,116,2,92,5.8,24,1.5,1,16.0,BonnRe00
139,Brandon Bolden,NWE,29,rb,15,2,15,68,5,46,3.1,22,1.5,2,7.5,BoldBr00
140,Elijhaa Penny,NYG,26,rb,16,1,15,39,2,16,1.1,23,1.5,1,15.0,PennEl00
141,Deebo Samuel,SFO,23,WR,15,11,14,159,5,105,7.5,54,3.9,2,7.0,SamuDe00
142,Mike Davis,2TM,26,,12,1,13,27,0,15,1.2,12,0.9,0,,DaviMi01
143,Dontrell Hilliard,CLE,24,rb,14,0,13,49,3,36,2.8,13,1.0,0,,HillDo00
144,Joe Flacco,DEN,34,QB,8,8,12,20,4,16,1.3,4,0.3,0,,FlacJo00
145,Marshawn Lynch,SEA,33,rb,1,0,12,34,2,20,1.7,14,1.2,0,,LyncMa00
146,Paul Perkins,DET,25,rb,4,0,12,29,3,16,1.3,13,1.1,1,12.0,PerkPa00
147,Philip Rivers,LAC,38,QB,16,16,12,29,2,29,2.4,0,0.0,0,,RivePh00
148,Dalyn Dawkins,TEN,25,rb,2,0,11,26,2,17,1.5,9,0.8,0,,DawkDa01
149,Dare Ogunbowale,TAM,25,rb,16,0,11,17,3,5,0.5,12,1.1,1,11.0,OgunDa00
150,Jay Ajayi,PHI,26,rb,3,0,10,30,3,9,0.9,21,2.1,5,2.0,AjayJa00
151,Brandon Allen,DEN,27,qb,3,3,10,39,4,32,3.2,7,0.7,0,,AlleBr00
152,Javorius Allen,NYG,28,rb,10,0,10,36,3,-5,-0.5,41,4.1,0,,AlleJa01
153,Ryan Finley,CIN,25,qb,3,3,10,77,4,73,7.3,4,0.4,0,,FinlRy00
154,Wes Hills,DET,24,rb,1,1,10,21,3,9,0.9,12,1.2,0,,HillWe00
155,Alec Ingold,OAK,23,fb,16,4,10,17,7,9,0.9,8,0.8,0,,IngoAl01
156,Christian Kirk,ARI,23,WR,13,13,10,93,4,66,6.6,27,2.7,1,10.0,KirkCh01
157,Troymaine Pope,LAC,26,rb,14,0,10,20,0,11,1.1,9,0.9,0,,PopeTr00
158,Tyrod Taylor,LAC,30,qb,8,0,10,7,1,3,0.3,4,0.4,0,,TaylTy00
159,Drew Brees*,NOR,40,QB,11,11,9,-4,2,-4,-0.4,0,0.0,0,,BreeDr00
160,Taiwan Jones,HOU,31,rb,11,0,9,40,3,26,2.9,14,1.6,0,,JoneTa00
161,Case Keenum,WAS,31,QB,10,8,9,12,2,11,1.2,1,0.1,0,,KeenCa00
162,Devine Ozigbo,JAX,23,rb,10,0,9,27,1,11,1.2,16,1.8,0,,OzigDe01
163,Steven Sims,WAS,22,wr,16,2,9,85,2,27,3.0,58,6.4,2,4.5,SimsSt00
164,Josh Adams,NYJ,23,rb,3,0,8,12,1,5,0.6,7,0.9,0,,AdamJo03
165,David Blough,DET,24,qb,5,5,8,31,1,27,3.4,4,0.5,0,,BlouDa00
166,Tony Brooks-James,PIT,25,rb,3,0,8,7,,-11,-1.4,18,2.3,2,4.0,BrooTo01
167,Julian Edelman,NWE,33,WR,16,13,8,27,2,21,2.6,6,0.8,0,,EdelJu00
168,Tyreek Hill*,KAN,25,WR,12,12,8,23,1,9,1.1,14,1.8,0,,HillTy00
169,Brian Hoyer,IND,34,qb,4,1,8,2,0,-3,-0.4,5,0.6,0,,HoyeBr00
170,Isaiah McKenzie,BUF,24,WR,15,8,8,49,4,35,4.4,14,1.8,0,,McKeIs00
171,Dwayne Washington,NOR,25,rb,16,0,8,60,2,9,1.1,51,6.4,2,4.0,WashDw00
172,Will Grier,CAR,24,qb,2,2,7,22,2,21,3.0,1,0.1,0,,GrieWi00
173,C.J. Ham*,MIN,26,FB,16,7,7,17,2,4,0.6,13,1.9,1,7.0,HamxC.00
174,Brett Hundley,ARI,26,qb,3,0,7,41,3,13,1.9,28,4.0,0,,HundBr00
175,Zach Line,NOR,29,rb,12,2,7,20,5,10,1.4,10,1.4,0,,LineZa01
176,Derek Watt,LAC,27,rb,16,2,7,10,6,5,0.7,5,0.7,0,,WattDe00
177,Alex Armah,CAR,25,fb,16,1,6,11,1,6,1.0,5,0.8,0,,ArmaAl00
178,Tavon Austin,DAL,29,wr,14,0,6,47,2,28,4.7,19,3.2,0,,AustTa00
179,Brandin Cooks,LAR,26,WR,14,14,6,52,3,45,7.5,7,1.2,0,,CookBr00
180,Chase Daniel,CHI,33,qb,3,1,6,6,2,2,0.3,4,0.7,0,,DaniCh00
181,Sean Mannion,MIN,27,qb,3,1,6,-5,0,-5,-0.8,0,0.0,0,,MannSe00
182,D.J. Moore,CAR,22,WR,15,15,6,40,3,29,4.8,11,1.8,0,,MoorD.00
183,Sterling Shepard,NYG,26,WR,10,10,6,72,3,67,11.2,5,0.8,0,,ShepSt00
184,Tim Boyle,GNB,25,qb,3,0,5,-7,0,-7,-1.4,0,0.0,0,,BoylTi00
185,Stefon Diggs,MIN,26,WR,15,15,5,61,3,37,7.4,24,4.8,0,,DiggSt00
186,Alex Erickson,CIN,27,wr,16,6,5,33,2,20,4.0,13,2.6,0,,EricAl01
187,N'Keal Harry,NWE,22,wr,7,5,5,49,4,12,2.4,37,7.4,1,5.0,HarrNK00
188,Buddy Howell,HOU,23,rb,16,0,5,10,1,7,1.4,3,0.6,0,,HoweGr00
189,George Kittle*+,SFO,26,TE,14,14,5,22,1,14,2.8,8,1.6,0,,KittGe00
190,A.J. McCarron,HOU,29,qb,2,1,5,39,3,39,7.8,0,0.0,0,,McCaA.00
191,Matt Moore,KAN,35,qb,6,2,5,-1,0,-2,-0.4,1,0.2,0,,MoorMa01
192,Cam Newton,CAR,30,qb,2,2,5,-2,0,-2,-0.4,0,0.0,0,,NewtCa00
193,Samaje Perine,2TM,24,,7,0,5,16,1,11,2.2,5,1.0,1,5.0,PeriSa00
194,Josh Reynolds,LAR,24,wr,16,2,5,23,2,22,4.4,1,0.2,0,,ReynJo00
195,Keith Smith,ATL,27,fb,16,5,5,8,4,0,0.0,8,1.6,0,,SmitKe03
196,Dede Westbrook,JAX,26,WR,15,11,5,27,0,13,2.6,14,2.8,0,,WestDe00
197,Dexter Williams,GNB,22,rb,4,0,5,11,,6,1.2,5,1.0,0,,WillDe07
198,Albert Wilson,MIA,27,wr,13,4,5,45,1,35,7.0,10,2.0,1,5.0,WilsAl02
199,Kenjon Barner,ATL,30,rb,14,0,4,28,1,22,5.5,6,1.5,0,,BarnKe00
200,Tyler Boyd,CIN,25,WR,16,15,4,23,1,20,5.0,3,0.8,0,,BoydTy00
201,Parris Campbell,IND,22,wr,7,3,4,34,1,24,6.0,10,2.5,1,4.0,CampPa00
202,Trevor Davis,3TM,26,,14,4,4,73,2,73,18.3,0,0.0,0,,DaviTr03
203,Nick Foles,JAX,30,qb,4,4,4,23,2,18,4.5,5,1.3,0,,FoleNi00
204,Russell Gage,ATL,23,wr,16,4,4,12,0,3,0.8,9,2.3,1,4.0,GageRu00
205,Jakeem Grant,MIA,27,wr,10,2,4,5,1,5,1.3,0,0.0,0,,GranJa00
206,Ryan Griffin,TAM,30,qb,2,0,4,-1,0,-1,-0.3,0,0.0,0,,GrifRy01
207,Mecole Hardman*,KAN,21,wr,16,5,4,17,1,16,4.0,1,0.3,0,,HardMe00
208,Damien Harris,NWE,22,rb,2,0,4,12,,8,2.0,4,1.0,0,,HarrDa06
209,Deonte Harris*+,NOR,22,wr,14,1,4,31,2,29,7.3,2,0.5,0,,HarrDe07
210,Andy Isabella,ARI,23,wr,15,1,4,15,0,11,2.8,4,1.0,0,,IsabAn00
211,D'Ernest Johnson,CLE,23,rb,16,0,4,21,0,18,4.5,3,0.8,0,,JohnDE04
212,Diontae Johnson,PIT,23,WR,16,12,4,41,2,18,4.5,23,5.8,1,4.0,JohnDi01
213,Tyler Lockett,SEA,27,WR,16,16,4,-5,0,-5,-1.3,0,0.0,0,,LockTy00
214,Eli Manning,NYG,38,qb,4,4,4,7,1,5,1.3,2,0.5,0,,MannEl00
215,Jordan Scarlett,CAR,23,rb,9,0,4,9,,4,1.0,5,1.3,0,,ScarJo00
216,Anthony Sherman,KAN,31,rb,16,0,4,9,3,9,2.3,0,0.0,0,,SherAn00
217,Jonnu Smith,TEN,24,TE,16,14,4,78,2,7,1.8,71,17.8,1,4.0,SmitJo01
218,Adam Thielen,MIN,29,WR,10,10,4,6,1,0,0.0,6,1.5,2,2.0,ThieAd00
219,De'Lance Turner,MIA,24,rb,8,0,4,6,,1,0.3,5,1.3,0,,TurnDe01
220,Keenan Allen*,LAC,27,WR,16,16,3,16,1,13,4.3,3,1.0,0,,AlleKe00
221,Odell Beckham Jr.,CLE,27,WR,16,15,3,10,1,4,1.3,6,2.0,1,3.0,BeckOd00
222,A.J. Brown,TEN,22,WR,16,11,3,60,2,12,4.0,48,16.0,1,3.0,BrowAJ00
223,Randall Cobb,DAL,29,wr,15,6,3,11,0,6,2.0,5,1.7,0,,CobbRa00
224,Patrick DiMarco,BUF,30,fb,16,4,3,7,0,1,0.3,6,2.0,0,,DiMaPa00
225,Phillip Dorsett,NWE,26,wr,14,4,3,21,1,18,6.0,3,1.0,0,,DorsPh00
226,Evan Engram,NYG,25,TE,8,6,3,7,0,6,2.0,1,0.3,0,,EngrEv00
227,Noah Fant,DEN,22,TE,16,11,3,-12,0,-12,-4.0,0,0.0,0,,FantNo00
228,Josh Ferguson,WAS,26,rb,2,0,3,9,1,9,3.0,0,0.0,0,,FergJo02
229,Taylor Gabriel,CHI,28,WR,9,7,3,20,1,20,6.7,0,0.0,0,,GabrTa00
230,Garrett Gilbert,CLE,28,qb,5,0,3,-3,,-3,-1.0,0,0.0,0,,GilbGa01
231,Ted Ginn Jr.,NOR,34,WR,16,9,3,18,2,16,5.3,2,0.7,0,,GinnTe00
232,Kyle Juszczyk*,SFO,28,FB,12,12,3,7,1,2,0.7,5,1.7,0,,JuszKy00
233,John Kelly,LAR,23,rb,4,0,3,9,,5,1.7,4,1.3,0,,KellJo00
234,T.J. Logan,TAM,25,fb,12,0,3,10,0,6,2.0,4,1.3,0,,LogaT.00
235,David Moore,SEA,24,wr,14,1,3,25,1,8,2.7,17,5.7,1,3.0,MoorDa03
236,Nick Mullens,SFO,24,qb,1,0,3,-3,,-3,-1.0,0,0.0,0,,MullNi00
237,Senorise Perry,BUF,28,rb,11,0,3,3,,0,0.0,3,1.0,1,3.0,PerrSe00
238,Josh Rosen,MIA,22,qb,6,3,3,13,0,13,4.3,0,0.0,0,,RoseJo01
239,John Ross,CIN,24,WR,8,8,3,4,0,2,0.7,2,0.7,0,,RossJo00
240,Mohamed Sanu,2TM,30,,15,12,3,11,1,6,2.0,5,1.7,0,,SanuMo00
241,Matt Schaub,ATL,38,qb,6,1,3,-3,0,-3,-1.0,0,0.0,0,,SchaMa00
242,Vyncint Smith,NYJ,23,wr,13,4,3,52,3,44,14.7,8,2.7,0,,SmitVy00
243,Diontae Spencer,DEN,27,wr,16,2,3,6,0,2,0.7,4,1.3,0,,SpenDi00
244,Courtland Sutton*,DEN,24,WR,16,14,3,17,1,13,4.3,4,1.3,0,,SuttCo00
245,Zach Zenner,3TM,28,,5,0,3,-2,0,-2,-0.7,0,0.0,0,,ZennZa00
246,Nelson Agholor,PHI,26,WR,11,10,2,7,1,0,0.0,7,3.5,0,,AghoNe00
247,Matt Barkley,BUF,29,qb,2,0,2,-4,0,-4,-2.0,0,0.0,0,,BarkMa00
248,Jordan Berry,PIT,28,p,16,0,2,-8,,-8,-4.0,0,0.0,0,,BerrJo00
249,Devontae Booker,DEN,27,rb,16,0,2,9,0,0,0.0,9,4.5,1,2.0,BookDe00
250,Blake Bortles,LAR,27,qb,3,0,2,-9,,-9,-4.5,0,0.0,0,,BortBl00
251,John Brown,BUF,29,WR,15,15,2,7,0,5,2.5,2,1.0,0,,BrowJo02
252,DJ Chark*,JAX,23,WR,15,14,2,20,1,16,8.0,4,2.0,0,,CharDJ00
253,Keke Coutee,HOU,22,wr,9,4,2,14,2,14,7.0,0,0.0,0,,CoutKe00
254,James Develin,NWE,31,rb,2,2,2,3,1,3,1.5,0,0.0,0,,DeveJa00
255,Robert Foster,BUF,25,wr,13,2,2,29,1,27,13.5,2,1.0,0,,FostRo01
256,Mike Glennon,OAK,30,qb,2,0,2,0,0,0,0.0,0,0.0,0,,GlenMi00
257,DeAndre Hopkins*+,HOU,27,WR,15,15,2,18,2,15,7.5,3,1.5,0,,HopkDe00
258,Richie James,SFO,24,wr,16,1,2,-1,0,-3,-1.5,2,1.0,1,2.0,JameRi00
259,Julio Jones*,ATL,30,WR,15,15,2,-3,0,-4,-2.0,1,0.5,0,,JoneJu02
260,Marvin Jones,DET,29,WR,13,11,2,0,0,-1,-0.5,1,0.5,0,,JoneMa02
261,Cooper Kupp,LAR,26,WR,16,14,2,4,0,4,2.0,0,0.0,0,,KuppCo00
262,Anthony Levine,BAL,32,db,16,0,2,62,2,62,31.0,0,0.0,0,,LeviAn00
263,Josh McCown,PHI,40,qb,3,0,2,-2,0,-2,-1.0,0,0.0,0,,McCoJo01
264,Colt McCoy,WAS,33,qb,1,1,2,14,1,14,7.0,0,0.0,0,,McCoCo00
265,D.K. Metcalf,SEA,22,WR,16,15,2,11,0,4,2.0,7,3.5,2,1.0,MetcDK00
266,Scott Miller,TAM,22,wr,10,2,2,16,1,6,3.0,10,5.0,0,,MillSc01
267,Ryan Nall,CHI,24,rb,8,0,2,8,1,3,1.5,5,2.5,0,,NallRy00
268,Zach Pascal,IND,25,WR,16,13,2,16,1,12,6.0,4,2.0,0,,PascZa00
269,Breshad Perriman,TAM,26,wr,14,4,2,16,1,15,7.5,1,0.5,0,,PerrBr02
270,Calvin Ridley,ATL,25,WR,13,10,2,34,2,30,15.0,4,2.0,0,,RidlCa00
271,Willie Snead,BAL,27,WR,16,11,2,2,0,2,1.0,0,0.0,0,,SneaWi00
272,Jarrett Stidham,NWE,23,qb,3,0,2,-2,0,-2,-1.0,0,0.0,0,,StidJa00
273,De'Anthony Thomas,2TM,26,,14,0,2,5,1,2,1.0,3,1.5,0,,ThomDe05
274,Marquez Valdes-Scantling,GNB,25,WR,16,10,2,9,0,6,3.0,3,1.5,0,,ValdMa00
275,Darren Waller,OAK,27,TE,16,16,2,5,0,2,1.0,3,1.5,0,,WallDa01
276,Sammy Watkins,KAN,26,WR,14,13,2,12,1,10,5.0,2,1.0,0,,WatkSa00
277,Jamal Agnew,DET,24,db,13,0,1,9,1,6,6.0,3,3.0,0,,AgneJa00
278,Geronimo Allison,GNB,25,wr,16,6,1,7,0,5,5.0,2,2.0,0,,AlliGe01
279,Robby Anderson,NYJ,26,WR,16,15,1,4,0,4,4.0,0,0.0,0,,AndeRo04
280,Bryan Anger,HOU,31,p,14,0,1,-5,,-5,-5.0,0,0.0,0,,AngeBr00
281,Andrew Beck,DEN,23,te,16,6,1,3,1,2,2.0,1,1.0,0,,BeckAn01
282,Antonio Brown,NWE,31,wr,1,0,1,5,1,5,5.0,0,0.0,0,,BrowAn04
283,Derek Carrier,OAK,29,te,16,4,1,27,1,27,27.0,0,0.0,0,,CarrDe00
284,Keelan Cole,JAX,26,wr,16,1,1,6,0,1,1.0,5,5.0,0,,ColeKe00
285,Amari Cooper*,DAL,25,WR,16,16,1,6,0,5,5.0,1,1.0,0,,CoopAm00
286,Pharoh Cooper,2TM,24,,13,1,1,2,0,1,1.0,1,1.0,0,,CoopPh00
287,Jamison Crowder,NYJ,26,WR,16,12,1,4,0,0,0.0,4,4.0,1,1.0,CrowJa00
288,Will Dissly,SEA,23,TE,6,6,1,7,0,5,5.0,2,2.0,0,,DissWi00
289,Tyler Ervin,2TM,26,,10,0,1,10,1,3,3.0,7,7.0,1,1.0,ErviTy00
290,Gerald Everett,LAR,25,te,13,2,1,0,0,0,0.0,0,0.0,0,,EverGe00
291,Isaiah Ford,MIA,23,wr,8,0,1,11,1,0,0.0,11,11.0,1,1.0,FordIs00
292,Bennie Fowler,NYG,28,wr,8,2,1,20,1,17,17.0,3,3.0,0,,FowlBe00
293,John Franklin,TAM,25,db,1,0,1,11,1,9,9.0,2,2.0,0,,FranJo04
294,Chris Godwin*,TAM,23,WR,14,14,1,8,0,0,0.0,8,8.0,1,1.0,GodwCh00
295,Marquise Goodwin,SFO,29,wr,9,6,1,15,1,15,15.0,0,0.0,0,,GoodMa00
296,Josh Gordon,2TM,28,,11,7,1,1,0,1,1.0,0,0.0,0,,GordJo02
297,Matt Haack,MIA,25,p,16,0,1,2,1,2,2.0,0,0.0,0,,HaacMa00
298,Marvin Hall,DET,26,wr,9,0,1,7,0,4,4.0,3,3.0,0,,HallMa02
299,Erik Harris,OAK,29,FS/ss,16,14,1,4,1,4,4.0,0,0.0,0,,HarrEr00
300,Johnny Holton,PIT,29,wr,16,3,1,9,1,7,7.0,2,2.0,0,,HoltJo00
301,Adam Humphries,TEN,26,wr,12,3,1,1,0,1,1.0,0,0.0,0,,HumpAd00
302,Andy Janovich,DEN,26,rb,7,3,1,1,1,0,0.0,1,1.0,0,,JanoAn00
303,Alshon Jeffery,PHI,29,WR,10,10,1,2,1,1,1.0,1,1.0,0,,JeffAl00
304,KeeSean Johnson,ARI,23,wr,10,4,1,3,0,3,3.0,0,0.0,0,,JohnKe07
305,Olabisi Johnson,MIN,22,,16,6,1,6,0,4,4.0,2,2.0,0,,JohnOl00
306,Colin Jones,CAR,32,db,16,0,1,5,1,5,5.0,0,0.0,0,,JoneCo01
307,Zay Jones,2TM,24,,15,9,1,3,0,3,3.0,0,0.0,0,,JoneZa00
308,Travis Kelce*,KAN,30,TE,16,16,1,4,1,3,3.0,1,1.0,0,,KelcTr00
309,Brett Kern*+,TEN,33,p,16,0,1,0,0,0,0.0,0,0.0,0,,KernBr20
310,Dawson Knox,BUF,23,TE,15,11,1,9,1,6,6.0,3,3.0,0,,KnoxDa00
311,Jarvis Landry*,CLE,27,WR,16,16,1,10,1,9,9.0,1,1.0,0,,LandJa00
312,Allen Lazard,GNB,24,wr,16,3,1,21,1,15,15.0,6,6.0,1,1.0,LazaAl00
313,Marqise Lee,JAX,28,wr,6,1,1,1,0,1,1.0,0,0.0,0,,LeexMa00
314,Vance McDonald,PIT,29,TE,14,14,1,2,0,0,0.0,2,2.0,0,,McDoVa00
315,Trace McSorley,BAL,24,qb,1,0,1,1,1,0,0.0,1,1.0,0,,McSoTr00
316,Anthony Miller,CHI,25,WR,16,7,1,-1,0,-1,-1.0,0,0.0,0,,MillAn02
317,Chris Moore,BAL,26,wr,14,1,1,0,,0,0.0,0,0.0,0,,MoorCh00
318,Alfred Morris,ARI,31,rb,1,0,1,4,1,2,2.0,2,2.0,0,,MorrAl00
319,Quenton Nelson*+,IND,23,LG,16,16,1,0,,0,0.0,0,0.0,0,,NelsQu00
320,Kalif Raymond,TEN,25,wr,8,1,1,-5,0,-5,-5.0,0,0.0,0,,RaymKa00
321,Paul Richardson,WAS,27,WR,10,6,1,0,0,0,0.0,0,0.0,0,,RichPa01
322,Andre Roberts*,BUF,31,wr,13,0,1,7,0,5,5.0,2,2.0,0,,RobeAn00
323,Allen Robinson,CHI,26,WR,16,15,1,2,0,2,2.0,0,0.0,0,,RobiAl02
324,Ben Roethlisberger,PIT,37,qb,2,2,1,7,0,7,7.0,0,0.0,0,,RoetBe00
325,Chester Rogers,IND,25,wr,12,6,1,18,1,18,18.0,0,0.0,0,,RogeCh02
326,Da'Mari Scott,NYG,24,wr,5,2,1,5,0,2,2.0,3,3.0,0,,ScotDa02
327,Nick Scott,LAR,24,db,16,0,1,6,0,6,6.0,0,0.0,0,,ScotNi01
328,Golden Tate,NYG,31,WR,11,10,1,16,1,12,12.0,4,4.0,0,,TateGo00
329,Michael Thomas*+,NOR,26,WR,16,15,1,-9,0,-9,-9.0,0,0.0,0,,ThomMi05
330,Danny Vitale,GNB,26,rb,15,4,1,3,0,2,2.0,1,1.0,0,,VitaDa00
331,Greg Ward,PHI,24,wr,7,3,1,5,0,5,5.0,0,0.0,0,,WardGr02
332,Trevon Wesco,NYJ,24,,16,1,1,2,1,-1,-1.0,3,3.0,0,,WescTr00
333,Mike Williams,LAC,25,WR,15,15,1,2,0,-1,-1.0,3,3.0,0,,WillMi07
334,Jarius Wright,CAR,30,WR,16,9,1,-7,0,-7,-7.0,0,0.0,1,1.0,WrigJa02