Rk,Player,Tm,Age,Pos,G,GS,Tgt,Rec,Ctch%,Yds,Y/R,TD,1D,Lng,Y/Tgt,R/G,Y/G,Fmb,ID
1,Michael Thomas*+,NOR,26,WR,16,15,11.6,9.31,80.5%,107.8,11.6,0.56,5.69,49,9.3,9.3,107.8,0.06,ThomMi05
2,Christian McCaffrey*+,CAR,23,RB,16,16,8.88,7.25,81.7%,62.8,8.7,0.25,3.63,28,7.1,7.3,62.8,0.06,McCaCh01
3,Keenan Allen*,LAC,27,WR,16,16,9.31,6.50,69.8%,74.9,11.5,0.38,3.94,45,8.0,6.5,74.9,0.00,AlleKe00
4,DeAndre Hopkins*+,HOU,27,WR,15,15,10.0,6.93,69.3%,77.7,11.2,0.47,4.53,43,7.8,6.9,77.7,0.00,HopkDe00
5,Julian Edelman,NWE,33,WR,16,13,9.56,6.25,65.4%,69.8,11.2,0.38,3.38,44,7.3,6.3,69.8,0.19,EdelJu00
6,Julio Jones*,ATL,30,WR,15,15,10.5,6.60,63.1%,92.9,14.1,0.40,5.13,54,8.9,6.6,92.9,0.07,JoneJu02
7,Allen Robinson,CHI,26,WR,16,15,9.63,6.13,63.6%,71.7,11.7,0.44,3.94,49,7.4,6.1,71.7,0.00,RobiAl02
8,Travis Kelce*,KAN,30,TE,16,16,8.50,6.06,71.3%,76.8,12.7,0.31,4.06,47,9.0,6.1,76.8,0.06,KelcTr00
9,Cooper Kupp,LAR,26,WR,16,14,8.38,5.88,70.1%,72.6,12.4,0.63,3.19,66,8.7,5.9,72.6,0.19,KuppCo00
10,Austin Ekeler,LAC,24,rb,16,8,6.75,5.75,85.2%,62.1,10.8,0.50,2.63,84,9.2,5.8,62.1,0.19,EkelAu00
11,Tyler Boyd,CIN,25,WR,16,15,9.25,5.63,60.8%,65.4,11.6,0.31,3.19,47,7.1,5.6,65.4,0.13,BoydTy00
12,Darren Waller,OAK,27,TE,16,16,7.31,5.63,76.9%,71.6,12.7,0.19,3.31,75,9.8,5.6,71.6,0.06,WallDa01
13,Robert Woods,LAR,27,WR,15,15,9.27,6.00,64.7%,75.6,12.6,0.13,3.60,48,8.2,6.0,75.6,0.00,WoodRo02
14,Zach Ertz*,PHI,29,TE,15,15,9.00,5.87,65.2%,61.1,10.4,0.40,3.33,30,6.8,5.9,61.1,0.07,ErtzZa00
15,D.J. Moore,CAR,22,WR,15,15,9.00,5.80,64.4%,78.3,13.5,0.27,4.20,52,8.7,5.8,78.3,0.13,MoorD.00
16,Chris Godwin*,TAM,23,WR,14,14,8.64,6.14,71.1%,95.2,15.5,0.64,4.50,71,11.0,6.1,95.2,0.00,GodwCh00
17,George Kittle*+,SFO,26,TE,14,14,7.64,6.07,79.4%,75.2,12.4,0.36,3.79,61,9.8,6.1,75.2,0.07,KittGe00
18,Davante Adams*,GNB,27,WR,12,12,10.6,6.92,65.4%,83.1,12.0,0.42,4.50,58,7.9,6.9,83.1,0.17,AdamDa01
19,Jarvis Landry*,CLE,27,WR,16,16,8.63,5.19,60.1%,73.4,14.1,0.38,3.44,65,8.5,5.2,73.4,0.00,LandJa00
20,Tyler Lockett,SEA,27,WR,16,16,6.88,5.13,74.5%,66.1,12.9,0.50,3.31,44,9.6,5.1,66.1,0.06,LockTy00
21,Alvin Kamara*,NOR,24,RB,14,9,6.93,5.79,83.5%,38.1,6.6,0.07,2.00,41,5.5,5.8,38.1,0.29,KamaAl00
22,Tarik Cohen,CHI,24,RB,16,11,6.50,4.94,76.0%,28.5,5.8,0.19,1.13,31,4.4,4.9,28.5,0.19,CoheTa00
23,Amari Cooper*,DAL,25,WR,16,16,7.44,4.94,66.4%,74.3,15.1,0.50,3.38,53,10.0,4.9,74.3,0.00,CoopAm00
24,Jamison Crowder,NYJ,26,WR,16,12,7.63,4.88,63.9%,52.1,10.7,0.38,2.56,41,6.8,4.9,52.1,0.00,CrowJa00
25,Leonard Fournette,JAX,24,RB,15,15,6.67,5.07,76.0%,34.8,6.9,0.00,1.53,27,5.2,5.1,34.8,0.07,FourLe00
26,Larry Fitzgerald,ARI,36,WR,16,16,6.81,4.69,68.8%,50.3,10.7,0.25,2.50,54,7.4,4.7,50.3,0.06,FitzLa00
27,Austin Hooper*,ATL,25,TE,13,10,7.46,5.77,77.3%,60.5,10.5,0.46,3.15,35,8.1,5.8,60.5,0.00,HoopAu00
28,Odell Beckham Jr.,CLE,27,WR,16,15,8.31,4.63,55.6%,64.7,14.0,0.25,2.75,89,7.8,4.6,64.7,0.06,BeckOd00
29,DJ Chark*,JAX,23,WR,15,14,7.87,4.87,61.9%,67.2,13.8,0.53,2.80,69,8.5,4.9,67.2,0.00,CharDJ00
30,John Brown,BUF,29,WR,15,15,7.67,4.80,62.6%,70.7,14.7,0.40,3.53,53,9.2,4.8,70.7,0.00,BrowJo02
31,DeVante Parker,MIA,26,WR,16,14,8.00,4.50,56.3%,75.1,16.7,0.56,3.63,51,9.4,4.5,75.1,0.00,ParkDe01
32,Courtland Sutton*,DEN,24,WR,16,14,7.75,4.50,58.1%,69.5,15.4,0.38,3.13,70,9.0,4.5,69.5,0.13,SuttCo00
33,James White,NWE,27,rb,15,1,6.33,4.80,75.8%,43.0,9.0,0.33,2.07,59,6.8,4.8,43.0,0.07,WhitJa02
34,Tyler Higbee,LAR,26,TE,15,15,5.93,4.60,77.5%,48.9,10.6,0.20,2.40,33,8.2,4.6,48.9,0.00,HigbTy00
35,Christian Kirk,ARI,23,WR,13,13,8.31,5.23,63.0%,54.5,10.4,0.23,2.38,69,6.6,5.2,54.5,0.00,KirkCh01
36,Cole Beasley,BUF,30,WR,15,10,7.07,4.47,63.2%,51.9,11.6,0.40,2.47,51,7.3,4.5,51.9,0.00,BeasCo00
37,Mike Evans*,TAM,26,WR,13,13,9.08,5.15,56.8%,89.0,17.3,0.62,4.15,67,9.8,5.2,89.0,0.00,EvanMi00
38,Le'Veon Bell,NYJ,27,RB,15,15,5.20,4.40,84.6%,30.7,7.0,0.07,1.33,23,5.9,4.4,30.7,0.07,BellLe00
39,Michael Gallup,DAL,23,WR,14,12,8.07,4.71,58.4%,79.1,16.8,0.43,3.57,62,9.8,4.7,79.1,0.00,GallMi00
40,Emmanuel Sanders,2TM,32,,17,16,5.71,3.88,68.0%,51.1,13.2,0.29,2.41,75,9.0,3.9,51.1,0.00,SandEm00
41,Dede Westbrook,JAX,26,WR,15,11,6.73,4.40,65.3%,44.0,10.0,0.20,2.07,39,6.5,4.4,44.0,0.07,WestDe00
42,Kenny Golladay*,DET,26,WR,16,16,7.25,4.06,56.0%,74.4,18.3,0.69,3.25,75,10.3,4.1,74.4,0.06,GollKe00
43,Mark Andrews*,BAL,24,te,15,4,6.53,4.27,65.3%,56.8,13.3,0.67,2.93,51,8.7,4.3,56.8,0.13,AndrMa00
44,Stefon Diggs,MIN,26,WR,15,15,6.27,4.20,67.0%,75.3,17.9,0.40,2.73,66,12.0,4.2,75.3,0.27,DiggSt00
45,Calvin Ridley,ATL,25,WR,13,10,7.15,4.85,67.7%,66.6,13.7,0.54,3.62,36,9.3,4.8,66.6,0.00,RidlCa00
46,Jason Witten,DAL,37,TE,16,16,5.19,3.94,75.9%,33.1,8.4,0.25,1.69,33,6.4,3.9,33.1,0.06,WittJa00
47,Danny Amendola,DET,34,WR,15,10,6.47,4.13,63.9%,45.2,10.9,0.07,2.40,47,7.0,4.1,45.2,0.00,AmenDa00
48,Marvin Jones,DET,29,WR,13,11,7.00,4.77,68.1%,59.9,12.6,0.69,3.15,47,8.6,4.8,59.9,0.00,JoneMa02
49,Devonta Freeman,ATL,27,RB,14,14,5.00,4.21,84.3%,29.3,6.9,0.29,1.21,28,5.9,4.2,29.3,0.21,FreeDe00
50,Diontae Johnson,PIT,23,WR,16,12,5.75,3.69,64.1%,42.5,11.5,0.31,1.94,45,7.4,3.7,42.5,0.31,JohnDi01
51,Mohamed Sanu,2TM,30,,15,12,5.93,3.93,66.3%,34.7,8.8,0.13,2.00,28,5.8,3.9,34.7,0.00,SanuMo00
52,Dallas Goedert,PHI,24,TE,15,9,5.80,3.87,66.7%,40.5,10.5,0.33,2.20,28,7.0,3.9,40.5,0.13,GoedDa00
53,Tyreek Hill*,KAN,25,WR,12,12,7.42,4.83,65.2%,71.7,14.8,0.58,3.25,57,9.7,4.8,71.7,0.00,HillTy00
54,Terry McLaurin,WAS,24,WR,14,14,6.64,4.14,62.4%,65.6,15.8,0.50,3.07,75,9.9,4.1,65.6,0.00,McLaTe00
55,D.K. Metcalf,SEA,22,WR,16,15,6.25,3.63,58.0%,56.3,15.5,0.44,2.44,54,9.0,3.6,56.3,0.19,MetcDK00
56,Deebo Samuel,SFO,23,WR,15,11,5.40,3.80,70.4%,53.5,14.1,0.20,2.13,42,9.9,3.8,53.5,0.13,SamuDe00
57,Sterling Shepard,NYG,26,WR,10,10,8.30,5.70,68.7%,57.6,10.1,0.30,2.90,36,6.9,5.7,57.6,0.00,ShepSt00
58,Randall Cobb,DAL,29,wr,15,6,5.53,3.67,66.3%,55.2,15.1,0.20,2.73,59,10.0,3.7,55.2,0.13,CobbRa00
59,Hunter Henry,LAC,25,TE,12,12,6.33,4.58,72.4%,54.3,11.9,0.42,3.00,30,8.6,4.6,54.3,0.08,HenrHu00
60,Ezekiel Elliott*,DAL,24,RB,16,16,4.44,3.38,76.1%,26.3,7.8,0.13,1.31,27,5.9,3.4,26.3,0.19,ElliEz00
61,Curtis Samuel,CAR,23,WR,16,15,6.56,3.38,51.4%,39.2,11.6,0.38,2.25,44,6.0,3.4,39.2,0.00,SamuCu00
62,Dalvin Cook*,MIN,24,RB,14,14,4.50,3.79,84.1%,37.1,9.8,0.00,1.86,31,8.2,3.8,37.1,0.29,CookDa01
63,Robby Anderson,NYJ,26,WR,16,15,6.00,3.25,54.2%,48.7,15.0,0.31,2.19,92,8.1,3.3,48.7,0.06,AndeRo04
64,Saquon Barkley,NYG,22,RB,13,13,5.62,4.00,71.2%,33.7,8.4,0.15,1.08,65,6.0,4.0,33.7,0.08,BarkSa00
65,A.J. Brown,TEN,22,WR,16,11,5.25,3.25,61.9%,65.7,20.2,0.50,2.44,91,12.5,3.3,65.7,0.06,BrowAJ00
66,Anthony Miller,CHI,25,WR,16,7,5.31,3.25,61.2%,41.0,12.6,0.13,2.13,35,7.7,3.3,41.0,0.06,MillAn02
67,Greg Olsen,CAR,34,TE,14,14,5.86,3.71,63.4%,42.6,11.5,0.14,2.43,41,7.3,3.7,42.6,0.00,OlseGr00
68,Sammy Watkins,KAN,26,WR,14,13,6.43,3.71,57.8%,48.1,12.9,0.21,2.14,68,7.5,3.7,48.1,0.14,WatkSa00
69,Mike Gesicki,MIA,24,te,16,5,5.56,3.19,57.3%,35.6,11.2,0.31,1.56,34,6.4,3.2,35.6,0.06,GesiMi00
70,Kenyan Drake,2TM,25,,14,10,4.86,3.57,73.5%,24.6,6.9,0.00,1.07,26,5.1,3.6,24.6,0.14,DrakKe00
71,Miles Sanders,PHI,22,RB,16,11,3.94,3.13,79.4%,31.8,10.2,0.19,1.19,45,8.1,3.1,31.8,0.13,SandMi01
72,Will Fuller,HOU,25,WR,11,11,6.45,4.45,69.0%,60.9,13.7,0.27,2.36,54,9.4,4.5,60.9,0.09,FullWi01
73,Russell Gage,ATL,23,wr,16,4,4.63,3.06,66.2%,27.9,9.1,0.06,1.56,19,6.0,3.1,27.9,0.06,GageRu00
74,Aaron Jones,GNB,25,RB,16,16,4.25,3.06,72.1%,29.6,9.7,0.19,1.13,67,7.0,3.1,29.6,0.19,JoneAa00
75,Hunter Renfrow,OAK,24,wr,13,4,5.46,3.77,69.0%,46.5,12.3,0.31,2.31,65,8.5,3.8,46.5,0.08,RenfHu00
76,Golden Tate,NYG,31,WR,11,10,7.73,4.45,57.6%,61.5,13.8,0.55,2.73,64,8.0,4.5,61.5,0.09,TateGo00
77,Mike Williams,LAC,25,WR,15,15,6.00,3.27,54.4%,66.7,20.4,0.13,2.73,56,11.1,3.3,66.7,0.00,WillMi07
78,Darius Slayton,NYG,22,WR,14,9,6.00,3.43,57.1%,52.9,15.4,0.57,2.29,55,8.8,3.4,52.9,0.00,SlayDa01
79,Chris Conley,JAX,27,WR,16,14,5.63,2.94,52.2%,48.4,16.5,0.31,2.25,70,8.6,2.9,48.4,0.00,ConlCh00
80,Jaylen Samuels,PIT,23,te,14,4,4.07,3.36,82.5%,21.8,6.5,0.07,1.36,27,5.4,3.4,21.8,0.07,SamuJa00
81,Marquise Brown,BAL,22,wr,14,11,5.07,3.29,64.8%,41.7,12.7,0.50,1.71,83,8.2,3.3,41.7,0.00,BrowMa04
82,T.Y. Hilton,IND,30,WR,10,10,6.80,4.50,66.2%,50.1,11.1,0.50,2.40,35,7.4,4.5,50.1,0.00,HiltT.00
83,Evan Engram,NYG,25,TE,8,6,8.50,5.50,64.7%,58.4,10.6,0.38,2.88,75,6.9,5.5,58.4,0.00,EngrEv00
84,Nyheim Hines,IND,23,rb,16,2,3.63,2.75,75.9%,20.0,7.3,0.00,0.94,21,5.5,2.8,20.0,0.06,HineNy00
85,Duke Johnson,HOU,26,rb,16,2,3.88,2.75,71.0%,25.6,9.3,0.19,1.13,21,6.6,2.8,25.6,0.06,JohnDu00
86,James Washington,PIT,23,WR,15,10,5.33,2.93,55.0%,49.0,16.7,0.20,2.07,79,9.2,2.9,49.0,0.07,WashJa00
87,Jared Cook*,NOR,32,te,14,7,4.64,3.07,66.2%,50.4,16.4,0.64,2.29,61,10.8,3.1,50.4,0.00,CookJa02
88,Corey Davis,TEN,24,TE,15,11,4.60,2.87,62.3%,40.1,14.0,0.13,2.20,38,8.7,2.9,40.1,0.07,DaviCo03
89,Jack Doyle*,IND,29,TE,16,16,4.50,2.69,59.7%,28.0,10.4,0.25,1.81,23,6.2,2.7,28.0,0.06,DoylJa00
90,Tyler Eifert,CIN,29,te,16,4,3.94,2.69,68.3%,27.3,10.1,0.19,1.50,27,6.9,2.7,27.3,0.00,EifeTy00
91,Alex Erickson,CIN,27,wr,16,6,4.88,2.69,55.1%,33.1,12.3,0.00,1.63,52,6.8,2.7,33.1,0.25,EricAl01
92,Royce Freeman,DEN,23,rb,16,0,3.13,2.69,86.0%,16.0,6.0,0.06,0.63,19,5.1,2.7,16.0,0.00,FreeRo00
93,Alshon Jeffery,PHI,29,WR,10,10,7.30,4.30,58.9%,49.0,11.4,0.40,3.60,38,6.7,4.3,49.0,0.00,JeffAl00
94,Albert Wilson,MIA,27,wr,13,4,4.77,3.31,69.4%,27.0,8.2,0.08,1.69,35,5.7,3.3,27.0,0.00,WilsAl02
95,Brandin Cooks,LAR,26,WR,14,14,5.14,3.00,58.3%,41.6,13.9,0.14,2.29,57,8.1,3.0,41.6,0.00,CookBr00
96,Melvin Gordon,LAC,26,RB,12,11,4.58,3.50,76.4%,24.7,7.0,0.08,0.92,25,5.4,3.5,24.7,0.33,GordMe00
97,JuJu Smith-Schuster,PIT,23,WR,12,12,5.83,3.50,60.0%,46.0,13.1,0.25,1.92,76,7.9,3.5,46.0,0.08,SmitJu00
98,Chris Thompson,WAS,29,rb,11,0,5.27,3.82,72.4%,34.4,9.0,0.00,1.45,39,6.5,3.8,34.4,0.09,ThomCh03
99,Tyrell Williams,OAK,27,WR,14,12,4.57,3.00,65.6%,46.5,15.5,0.43,2.36,46,10.2,3.0,46.5,0.00,WillTy00
100,Jacob Hollister,SEA,26,te,11,3,5.36,3.73,69.5%,31.7,8.5,0.27,1.45,22,5.9,3.7,31.7,0.00,HollJa03
101,Zach Pascal,IND,25,WR,16,13,4.50,2.56,56.9%,37.9,14.8,0.31,1.81,37,8.4,2.6,37.9,0.00,PascZa00
102,Noah Fant,DEN,22,TE,16,11,4.13,2.50,60.6%,35.1,14.1,0.19,1.44,75,8.5,2.5,35.1,0.06,FantNo00
103,Kenny Stills,HOU,27,wr,13,5,4.23,3.08,72.7%,43.2,14.0,0.31,2.08,45,10.2,3.1,43.2,0.00,StilKe00
104,Auden Tate,CIN,22,WR,12,10,6.67,3.33,50.0%,47.9,14.4,0.08,2.42,33,7.2,3.3,47.9,0.08,TateAu00
105,Nelson Agholor,PHI,26,WR,11,10,6.27,3.55,56.5%,33.0,9.3,0.27,1.55,43,5.3,3.5,33.0,0.18,AghoNe00
106,Kyle Rudolph,MIN,30,TE,16,16,3.00,2.44,81.3%,22.9,9.4,0.38,1.50,32,7.6,2.4,22.9,0.00,RudoKy00
107,Jamaal Williams,GNB,24,rb,14,2,3.21,2.79,86.7%,18.1,6.5,0.36,1.14,17,5.6,2.8,18.1,0.00,WillJa06
108,Jimmy Graham,GNB,33,TE,16,10,3.75,2.38,63.3%,27.9,11.8,0.19,1.44,48,7.5,2.4,27.9,0.06,GrahJi00
109,Vance McDonald,PIT,29,TE,14,14,3.93,2.71,69.1%,19.5,7.2,0.21,0.86,22,5.0,2.7,19.5,0.07,McDoVa00
110,Chris Carson,SEA,25,RB,15,15,3.13,2.47,78.7%,17.7,7.2,0.13,0.67,21,5.7,2.5,17.7,0.47,CarsCh00
111,Gerald Everett,LAR,25,te,13,2,4.62,2.85,61.7%,31.4,11.0,0.15,1.69,33,6.8,2.8,31.4,0.00,EverGe00
112,Adam Humphries,TEN,26,wr,12,3,3.92,3.08,78.7%,31.2,10.1,0.17,1.67,30,8.0,3.1,31.2,0.08,HumpAd00
113,Kareem Hunt,CLE,24,rb,8,3,5.50,4.63,84.1%,35.6,7.7,0.13,2.13,29,6.5,4.6,35.6,0.13,HuntKa00
114,Jordan Akins,HOU,27,TE,16,9,3.44,2.25,65.5%,26.1,11.6,0.13,1.31,53,7.6,2.3,26.1,0.00,AkinJo00
115,Cameron Brate,TAM,28,TE,16,6,3.44,2.25,65.5%,19.4,8.6,0.25,1.31,37,5.7,2.3,19.4,0.00,BratCa00
116,Nick Chubb*,CLE,24,RB,16,16,3.06,2.25,73.5%,17.4,7.7,0.00,0.81,32,5.7,2.3,17.4,0.19,ChubNi00
117,David Johnson,ARI,28,rb,13,9,3.62,2.77,76.6%,28.5,10.3,0.31,1.31,31,7.9,2.8,28.5,0.08,JohnDa08
118,Breshad Perriman,TAM,26,wr,14,4,4.93,2.57,52.2%,46.1,17.9,0.43,2.07,44,9.3,2.6,46.1,0.00,PerrBr02
119,Jalen Richard,OAK,26,rb,16,0,2.69,2.25,83.7%,20.2,9.0,0.00,0.94,33,7.5,2.3,20.2,0.13,RichJa01
120,Irv Smith Jr.,MIN,21,te,16,7,2.94,2.25,76.6%,19.4,8.6,0.13,1.06,29,6.6,2.3,19.4,0.06,SmitIr01
121,Demaryius Thomas,NYJ,32,WR,11,10,5.27,3.27,62.1%,39.4,12.0,0.09,2.00,47,7.5,3.3,39.4,0.00,ThomDe03
122,DeAndre Washington,OAK,26,rb,16,3,2.56,2.25,87.8%,18.3,8.1,0.00,0.63,28,7.1,2.3,18.3,0.00,WashDe00
123,Allen Lazard,GNB,24,wr,16,3,3.25,2.19,67.3%,29.8,13.6,0.19,1.50,43,9.2,2.2,29.8,0.00,LazaAl00
124,Phillip Lindsay,DEN,25,RB,16,16,3.00,2.19,72.9%,12.3,5.6,0.00,0.56,36,4.1,2.2,12.3,0.00,LindPh00
125,Joe Mixon,CIN,23,RB,16,15,2.81,2.19,77.8%,17.9,8.2,0.19,0.88,33,6.4,2.2,17.9,0.00,MixoJo00
126,Dare Ogunbowale,TAM,25,rb,16,0,2.88,2.19,76.1%,17.9,8.2,0.00,0.88,21,6.2,2.2,17.9,0.13,OgunDa00
127,Jonnu Smith,TEN,24,TE,16,14,2.75,2.19,79.5%,27.4,12.5,0.19,1.00,57,10.0,2.2,27.4,0.00,SmitJo01
128,Geronimo Allison,GNB,25,wr,16,6,3.44,2.13,61.8%,17.9,8.4,0.13,1.00,31,5.2,2.1,17.9,0.13,AlliGe01
129,James Conner,PIT,24,RB,10,10,3.80,3.40,89.5%,25.1,7.4,0.30,1.40,26,6.6,3.4,25.1,0.10,ConnJa00
130,Darren Fells,HOU,33,TE,16,14,3.00,2.13,70.8%,21.3,10.0,0.44,1.38,24,7.1,2.1,21.3,0.00,FellDa01
131,Ryan Griffin,NYJ,29,TE,13,13,3.15,2.62,82.9%,24.6,9.4,0.38,1.46,45,7.8,2.6,24.6,0.00,GrifRy00
132,O.J. Howard,TAM,25,TE,14,14,3.79,2.43,64.2%,32.8,13.5,0.07,1.64,33,8.7,2.4,32.8,0.07,HowaO.00
133,J.D. McKissic,DET,26,wr,16,3,2.63,2.13,81.0%,14.6,6.9,0.06,0.44,26,5.5,2.1,14.6,0.00,McKiJ.00
134,Latavius Murray,NOR,29,rb,16,8,2.69,2.13,79.1%,14.7,6.9,0.06,0.56,30,5.5,2.1,14.7,0.00,MurrLa00
135,Steven Sims,WAS,22,wr,16,2,3.50,2.13,60.7%,19.4,9.1,0.25,1.13,65,5.5,2.1,19.4,0.06,SimsSt00
136,Damiere Byrd,ARI,26,wr,11,3,4.18,2.91,69.6%,32.6,11.2,0.09,1.45,58,7.8,2.9,32.6,0.09,ByrdDa00
137,T.J. Hockenson,DET,22,te,12,7,4.92,2.67,54.2%,30.6,11.5,0.17,1.58,39,6.2,2.7,30.6,0.00,HockTJ00
138,Allen Hurns,MIA,28,WR,14,7,3.36,2.29,68.1%,29.7,13.0,0.14,1.29,27,8.9,2.3,29.7,0.07,HurnAl01
139,Demarcus Robinson,KAN,25,wr,16,10,3.44,2.00,58.2%,28.1,14.0,0.25,1.19,44,8.2,2.0,28.1,0.00,RobiDe01
140,Preston Williams,MIA,22,WR,8,7,7.50,4.00,53.3%,53.5,13.4,0.38,3.00,35,7.1,4.0,53.5,0.25,WillPr01
141,Nick Boyle,BAL,26,TE,16,15,2.69,1.94,72.1%,20.1,10.4,0.13,0.81,35,7.5,1.9,20.1,0.00,BoylNi00
142,Eric Ebron,IND,26,te,11,2,4.73,2.82,59.6%,34.1,12.1,0.27,1.82,48,7.2,2.8,34.1,0.00,EbroEr00
143,Todd Gurley,LAR,25,RB,15,15,3.27,2.07,63.3%,13.8,6.7,0.13,0.53,23,4.2,2.1,13.8,0.20,GurlTo01
144,Blake Jarwin,DAL,25,TE,16,7,2.56,1.94,75.6%,22.8,11.8,0.19,1.06,42,8.9,1.9,22.8,0.06,JarwBl00
145,Olabisi Johnson,MIN,22,,16,6,2.81,1.94,68.9%,18.4,9.5,0.19,1.06,23,6.5,1.9,18.4,0.00,JohnOl00
146,Ronald Jones II,TAM,22,RB,16,9,2.50,1.94,77.5%,19.3,10.0,0.00,0.75,41,7.7,1.9,19.3,0.19,JoneRo01
147,Kaden Smith,NYG,22,te,9,6,4.67,3.44,73.8%,29.8,8.6,0.33,1.33,32,6.4,3.4,29.8,0.22,SmitKa00
148,Willie Snead,BAL,27,WR,16,11,2.88,1.94,67.4%,21.2,10.9,0.31,1.25,50,7.4,1.9,21.2,0.00,SneaWi00
149,Giovani Bernard,CIN,28,rb,16,2,2.69,1.88,69.8%,14.6,7.8,0.00,0.44,35,5.4,1.9,14.6,0.13,BernGi00
150,Kendrick Bourne,SFO,24,wr,16,0,2.75,1.88,68.2%,22.4,11.9,0.31,1.44,30,8.1,1.9,22.4,0.00,BourKe00
151,Ted Ginn Jr.,NOR,34,WR,16,9,3.50,1.88,53.6%,26.3,14.0,0.13,1.25,45,7.5,1.9,26.3,0.00,GinnTe00
152,Kelvin Harmon,WAS,23,WR,16,8,2.75,1.88,68.2%,22.8,12.2,0.00,1.00,30,8.3,1.9,22.8,0.00,HarmKe00
153,Hayden Hurst,BAL,26,te,16,4,2.44,1.88,76.9%,21.8,11.6,0.13,1.00,61,8.9,1.9,21.8,0.00,HursHa00
154,Adam Thielen,MIN,29,WR,10,10,4.80,3.00,62.5%,41.8,13.9,0.60,1.80,44,8.7,3.0,41.8,0.00,ThieAd00
155,Damien Williams,KAN,27,rb,11,6,3.36,2.73,81.1%,19.4,7.1,0.18,0.91,32,5.8,2.7,19.4,0.09,WillDa05
156,Phillip Dorsett,NWE,26,wr,14,4,3.86,2.07,53.7%,28.4,13.7,0.36,1.21,58,7.4,2.1,28.4,0.00,DorsPh00
157,Taylor Gabriel,CHI,28,WR,9,7,5.33,3.22,60.4%,39.2,12.2,0.44,1.89,53,7.4,3.2,39.2,0.00,GabrTa00
158,Devin Singletary,BUF,22,RB,12,8,3.42,2.42,70.7%,16.2,6.7,0.17,0.42,49,4.7,2.4,16.2,0.33,SingDe00
159,DaeSean Hamilton,DEN,24,wr,16,2,3.25,1.75,53.8%,18.6,10.6,0.06,1.19,28,5.7,1.8,18.6,0.00,HamiDa01
160,Dawson Knox,BUF,23,TE,15,11,3.33,1.87,56.0%,25.9,13.9,0.13,1.00,49,7.8,1.9,25.9,0.00,KnoxDa00
161,LeSean McCoy,KAN,31,RB,13,9,2.62,2.15,82.4%,13.9,6.5,0.08,0.46,23,5.3,2.2,13.9,0.23,McCoLe01
162,Paul Richardson,WAS,27,WR,10,6,4.20,2.80,66.7%,24.5,8.8,0.20,1.30,22,5.8,2.8,24.5,0.00,RichPa01
163,John Ross,CIN,24,WR,8,8,7.00,3.50,50.0%,63.3,18.1,0.38,2.75,66,9.0,3.5,63.3,0.13,RossJo00
164,Greg Ward,PHI,24,wr,7,3,5.71,4.00,70.0%,36.3,9.1,0.14,2.57,38,6.4,4.0,36.3,0.00,WardGr02
165,Jarius Wright,CAR,30,WR,16,9,3.63,1.75,48.3%,18.5,10.6,0.00,1.00,33,5.1,1.8,18.5,0.00,WrigJa02
166,Rex Burkhead,NWE,29,rb,13,1,2.92,2.08,71.1%,21.5,10.3,0.00,0.77,32,7.3,2.1,21.5,0.08,BurkRe00
167,Josh Gordon,2TM,28,,11,7,4.27,2.45,57.4%,38.7,15.8,0.09,1.45,58,9.1,2.5,38.7,0.00,GordJo02
168,Zay Jones,2TM,24,,15,9,3.00,1.80,60.0%,14.4,8.0,0.00,0.67,23,4.8,1.8,14.4,0.00,JoneZa00
169,Isaiah McKenzie,BUF,24,WR,15,8,2.60,1.80,69.2%,16.9,9.4,0.07,0.80,46,6.5,1.8,16.9,0.00,McKeIs00
170,C.J. Uzomah,CIN,26,TE,16,16,2.50,1.69,67.5%,15.1,9.0,0.13,0.75,36,6.1,1.7,15.1,0.00,UzomC.00
171,Mecole Hardman*,KAN,21,wr,16,5,2.56,1.63,63.4%,33.6,20.7,0.38,1.13,83,13.1,1.6,33.6,0.13,HardMe00
172,Mark Ingram*,BAL,30,RB,15,15,1.93,1.73,89.7%,16.5,9.5,0.33,1.07,25,8.5,1.7,16.5,0.13,IngrMa01
173,Jakobi Meyers,NWE,23,wr,15,1,2.73,1.73,63.4%,23.9,13.8,0.00,1.13,35,8.8,1.7,23.9,0.00,MeyeJa01
174,Trey Quinn,WAS,24,wr,12,6,3.92,2.17,55.3%,16.5,7.6,0.08,0.83,19,4.2,2.2,16.5,0.08,QuinTr00
175,Jeremy Sprinkle,WAS,25,TE,16,13,2.50,1.63,65.0%,15.1,9.3,0.06,0.81,23,6.0,1.6,15.1,0.06,SpriJe00
176,Marquez Valdes-Scantling,GNB,25,WR,16,10,3.50,1.63,46.4%,28.3,17.4,0.13,0.88,74,8.1,1.6,28.3,0.00,ValdMa00
177,Pharoh Cooper,2TM,24,,13,1,2.54,1.92,75.8%,18.7,9.7,0.08,0.77,28,7.4,1.9,18.7,0.00,CoopPh00
178,Josh Hill,NOR,29,TE,16,11,2.19,1.56,71.4%,14.1,9.0,0.19,0.81,29,6.5,1.6,14.1,0.00,HillJo02
179,Dion Lewis,TEN,29,rb,16,1,2.00,1.56,78.1%,10.3,6.6,0.06,0.44,24,5.1,1.6,10.3,0.06,LewiDi00
180,David Montgomery,CHI,22,rb,16,8,2.19,1.56,71.4%,11.6,7.4,0.06,0.44,30,5.3,1.6,11.6,0.13,MontDa01
181,Tajae Sharpe,TEN,25,WR,15,6,2.33,1.67,71.4%,21.9,13.2,0.27,1.33,47,9.4,1.7,21.9,0.00,SharTa00
182,Keelan Cole,JAX,26,wr,16,1,2.19,1.50,68.6%,22.6,15.0,0.19,1.19,55,10.3,1.5,22.6,0.00,ColeKe00
183,Ty Johnson,DET,22,rb,16,1,1.94,1.50,77.4%,6.81,4.5,0.00,0.25,13,3.5,1.5,6.8,0.06,JohnTy02
184,Cody Latimer,NYG,27,wr,15,10,2.80,1.60,57.1%,20.0,12.5,0.13,1.27,43,7.1,1.6,20.0,0.00,LatiCo00
185,Boston Scott,PHI,24,rb,11,2,2.36,2.18,92.3%,18.5,8.5,0.00,0.91,39,7.8,2.2,18.5,0.36,ScotBo02
186,Will Dissly,SEA,23,TE,6,6,4.50,3.83,85.2%,43.7,11.4,0.67,2.33,38,9.7,3.8,43.7,0.17,DissWi00
187,Isaiah Ford,MIA,23,wr,8,0,4.38,2.88,65.7%,30.5,10.6,0.00,2.00,28,7.0,2.9,30.5,0.00,FordIs00
188,Bennie Fowler,NYG,28,wr,8,2,4.50,2.88,63.9%,24.1,8.4,0.00,1.50,17,5.4,2.9,24.1,0.00,FowlBe00
189,Patrick Laird,MIA,24,rb,15,4,2.00,1.53,76.7%,13.6,8.9,0.00,0.87,21,6.8,1.5,13.6,0.00,LairPa00
190,Keke Coutee,HOU,22,wr,9,4,4.00,2.44,61.1%,28.2,11.5,0.00,1.11,51,7.1,2.4,28.2,0.11,CoutKe00
191,Tevin Coleman,SFO,26,RB,14,11,2.14,1.50,70.0%,12.9,8.6,0.07,0.64,37,6.0,1.5,12.9,0.00,ColeTe01
192,KeeSean Johnson,ARI,23,wr,10,4,4.20,2.10,50.0%,18.7,8.9,0.10,1.00,31,4.5,2.1,18.7,0.10,JohnKe07
193,Foster Moreau,OAK,22,TE,13,7,1.92,1.62,84.0%,13.4,8.3,0.38,1.08,23,7.0,1.6,13.4,0.00,MoreFo00
194,Josh Reynolds,LAR,24,wr,16,2,2.69,1.31,48.8%,20.4,15.5,0.06,0.94,31,7.6,1.3,20.4,0.00,ReynJo00
195,Seth Roberts,BAL,28,wr,16,0,2.19,1.31,60.0%,16.9,12.9,0.13,1.13,33,7.7,1.3,16.9,0.00,RobeSe00
196,Delanie Walker,TEN,35,te,7,4,4.43,3.00,67.7%,30.7,10.2,0.29,1.57,29,6.9,3.0,30.7,0.14,WalkHu00
197,Josh Jacobs,OAK,21,RB,13,13,2.08,1.54,74.1%,12.8,8.3,0.00,0.62,28,6.1,1.5,12.8,0.08,JacoJo01
198,Kyle Juszczyk*,SFO,28,FB,12,12,2.00,1.67,83.3%,19.9,12.0,0.08,0.92,49,10.0,1.7,19.9,0.00,JuszKy00
199,Matt Breida,SFO,24,rb,13,5,1.69,1.46,86.4%,9.23,6.3,0.08,0.46,17,5.5,1.5,9.2,0.15,BreiMa00
200,Jakeem Grant,MIA,27,wr,10,2,3.30,1.90,57.6%,16.4,8.6,0.00,0.90,18,5.0,1.9,16.4,0.20,GranJa00
201,Justin Hardy,ATL,28,wr,16,1,1.63,1.19,73.1%,12.2,10.3,0.00,0.56,23,7.5,1.2,12.2,0.00,HardJu00
202,Taysom Hill,NOR,29,wr,16,5,1.38,1.19,86.4%,14.6,12.3,0.38,0.88,45,10.6,1.2,14.6,0.00,HillTa00
203,Parris Campbell,IND,22,wr,7,3,3.43,2.57,75.0%,18.1,7.1,0.14,0.86,27,5.3,2.6,18.1,0.43,CampPa00
204,Charles Clay,ARI,30,TE,15,10,1.60,1.20,75.0%,15.8,13.2,0.07,0.80,47,9.9,1.2,15.8,0.00,ClayCh00
205,Rhett Ellison,NYG,31,fb,10,7,2.80,1.80,64.3%,16.7,9.3,0.10,0.40,31,6.0,1.8,16.7,0.00,ElliRh00
206,Derrick Henry *,TEN,25,RB,15,15,1.60,1.20,75.0%,13.7,11.4,0.13,0.27,75,8.6,1.2,13.7,0.33,HenrDe00
207,Tre'Quan Smith,NOR,23,WR,11,6,2.27,1.64,72.0%,21.3,13.0,0.45,1.55,32,9.4,1.6,21.3,0.00,SmitTr03
208,Javon Wims,CHI,25,wr,16,6,2.44,1.13,46.2%,11.6,10.3,0.06,0.56,37,4.8,1.1,11.6,0.00,WimsJa00
209,C.J. Ham*,MIN,26,FB,16,7,1.63,1.06,65.4%,9.31,8.8,0.06,0.38,36,5.7,1.1,9.3,0.06,HamxC.00
210,Marcus Johnson,IND,25,WR,8,6,4.13,2.13,51.5%,34.6,16.3,0.25,1.50,50,8.4,2.1,34.6,0.00,JohnMa07
211,David Moore,SEA,24,wr,14,1,2.43,1.21,50.0%,21.5,17.7,0.14,1.00,60,8.9,1.2,21.5,0.14,MoorDa03
212,Adrian Peterson,WAS,34,RB,15,15,1.53,1.13,73.9%,9.47,8.4,0.00,0.47,22,6.2,1.1,9.5,0.20,PeteAd01
213,Vyncint Smith,NYJ,23,wr,13,4,2.38,1.31,54.8%,17.3,13.2,0.00,0.85,37,7.3,1.3,17.3,0.08,SmitVy00
214,Nick Vannett,2TM,26,,16,7,1.38,1.06,77.3%,10.4,9.8,0.00,0.31,18,7.5,1.1,10.4,0.00,VannNi00
215,Ben Watson,NWE,39,te,10,8,2.40,1.70,70.8%,17.3,10.2,0.00,0.90,26,7.2,1.7,17.3,0.00,WatsBe00
216,Peyton Barber,TAM,25,rb,16,7,1.50,1.00,66.7%,7.19,7.2,0.06,0.25,16,4.8,1.0,7.2,0.06,BarbPe01
217,Jaron Brown,SEA,29,WR,14,4,2.00,1.14,57.1%,15.7,13.8,0.14,0.71,48,7.9,1.1,15.7,0.07,BrowJa03
218,Jesse James,DET,25,TE,16,11,1.69,1.00,59.3%,8.88,8.9,0.00,0.50,23,5.3,1.0,8.9,0.00,JameJe00
219,Tim Patrick,DEN,26,wr,8,2,3.88,2.00,51.6%,27.3,13.6,0.00,1.75,38,7.0,2.0,27.3,0.00,PatrTi00
220,Chester Rogers,IND,25,wr,12,6,2.33,1.33,57.1%,14.9,11.2,0.17,0.92,27,6.4,1.3,14.9,0.17,RogeCh02
221,Ian Thomas,CAR,23,te,16,3,1.88,1.00,53.3%,8.50,8.5,0.06,0.63,19,4.5,1.0,8.5,0.00,ThomIa00
222,Logan Thomas,DET,28,qb,16,3,1.75,1.00,57.1%,10.8,10.8,0.06,0.63,17,6.2,1.0,10.8,0.00,ThomLo00
223,Ameer Abdullah,MIN,26,rb,16,0,1.31,0.94,71.4%,5.50,5.9,0.06,0.31,16,4.2,0.9,5.5,0.06,AbduAm00
224,Ross Dwelley,SFO,24,te,16,6,1.38,0.94,68.2%,5.69,6.1,0.13,0.50,25,4.1,0.9,5.7,0.00,DwelRo00
225,Demetrius Harris,CLE,28,TE,15,6,1.80,1.00,55.6%,9.93,9.9,0.20,0.67,23,5.5,1.0,9.9,0.00,HarrDe03
226,Marcedes Lewis,GNB,35,TE,16,11,1.19,0.94,78.9%,9.75,10.4,0.06,0.50,25,8.2,0.9,9.8,0.00,LewiMa00
227,Tony Pollard,DAL,22,rb,15,0,1.33,1.00,75.0%,7.13,7.1,0.07,0.27,21,5.4,1.0,7.1,0.07,PollTo00
228,Malik Turner,SEA,23,wr,15,3,1.47,1.00,68.2%,16.3,16.3,0.07,0.67,33,11.1,1.0,16.3,0.00,TurnMa00
229,Mark Walton,MIA,22,rb,7,4,3.00,2.14,71.4%,12.7,5.9,0.00,0.43,18,4.2,2.1,12.7,0.14,WaltMa00
230,Justin Watson,TAM,23,wr,16,2,1.63,0.94,57.7%,9.94,10.6,0.13,0.63,17,6.1,0.9,9.9,0.00,WatsJu01
231,Darrel Williams,KAN,24,rb,12,0,1.58,1.25,78.9%,13.9,11.1,0.08,0.58,52,8.8,1.3,13.9,0.08,WillDa10
232,Maxx Williams,ARI,25,TE,16,10,1.19,0.94,78.9%,12.6,13.5,0.06,0.69,28,10.6,0.9,12.6,0.00,WillMa04
233,Ryquell Armstead,JAX,23,rb,16,1,1.50,0.88,58.3%,9.00,10.3,0.13,0.56,31,6.0,0.9,9.0,0.00,ArmsRy00
234,Kalen Ballage,MIA,24,RB,12,6,2.00,1.17,58.3%,5.25,4.5,0.00,0.33,13,2.6,1.2,5.3,0.00,BallKa00
235,Trey Burton,CHI,28,te,8,5,3.00,1.75,58.3%,10.5,6.0,0.00,0.63,16,3.5,1.8,10.5,0.00,BurtTr01
236,Anthony Firkser,TEN,24,fb,15,1,1.60,0.93,58.3%,13.6,14.6,0.07,0.60,39,8.5,0.9,13.6,0.00,FirkAn00
237,Jeff Heuerman,DEN,27,TE,14,11,1.43,1.00,70.0%,8.14,8.1,0.07,0.64,26,5.7,1.0,8.1,0.00,HeueJe00
238,Marlon Mack,IND,23,RB,14,12,1.21,1.00,82.4%,5.86,5.9,0.00,0.14,14,4.8,1.0,5.9,0.00,MackMa00
239,Raheem Mostert,SFO,27,rb,16,0,1.38,0.88,63.6%,11.3,12.9,0.13,0.38,39,8.2,0.9,11.3,0.13,MostRa00
240,James O'Shaughnessy,JAX,27,TE,5,5,4.00,2.80,70.0%,30.6,10.9,0.40,1.40,35,7.7,2.8,30.6,0.00,O'ShJa00
241,Ricky Seals-Jones,CLE,24,wr,14,3,1.57,1.00,63.6%,16.4,16.4,0.29,0.71,59,10.4,1.0,16.4,0.07,SealRi00
242,Tavon Austin,DAL,29,wr,14,0,1.71,0.93,54.2%,12.6,13.6,0.07,0.57,59,7.4,0.9,12.6,0.07,AustTa00
243,Miles Boykin,BAL,23,WR,16,11,1.38,0.81,59.1%,12.4,15.2,0.19,0.63,50,9.0,0.8,12.4,0.00,BoykMi00
244,Derek Carrier,OAK,29,te,16,4,1.19,0.81,68.4%,6.75,8.3,0.06,0.25,25,5.7,0.8,6.8,0.00,CarrDe00
245,Frank Gore,BUF,36,rb,16,8,1.00,0.81,81.3%,6.25,7.7,0.00,0.31,18,6.3,0.8,6.3,0.00,GoreFr00
246,Matt LaCosse,NWE,27,TE,11,8,1.73,1.18,68.4%,11.9,10.1,0.09,0.55,24,6.9,1.2,11.9,0.00,LaCoMa00
247,Scott Miller,TAM,22,wr,10,2,2.60,1.30,50.0%,20.0,15.4,0.10,0.50,48,7.7,1.3,20.0,0.00,MillSc01
248,Ty Montgomery,NYJ,26,wr,16,2,1.06,0.81,76.5%,5.63,6.9,0.00,0.19,21,5.3,0.8,5.6,0.00,MontTy01
249,Nick O'Leary,2TM,27,,12,5,1.50,1.08,72.2%,9.08,8.4,0.08,0.33,19,6.1,1.1,9.1,0.08,OLeaNi00
250,Geoff Swaim,JAX,26,te,6,2,2.83,2.17,76.5%,10.8,5.0,0.00,0.17,9,3.8,2.2,10.8,0.00,SwaiGe00
251,T.J. Yeldon,BUF,26,rb,6,0,2.50,2.17,86.7%,20.7,9.5,0.00,1.00,23,8.3,2.2,20.7,0.17,YeldT.00
252,Seth Devalve,JAX,26,te,12,6,1.50,1.00,66.7%,11.7,11.7,0.00,0.58,20,7.8,1.0,11.7,0.00,DevaSe00
253,Chase Edmonds,ARI,23,rb,13,2,1.62,0.92,57.1%,8.08,8.8,0.08,0.38,31,5.0,0.9,8.1,0.00,EdmoCh00
254,Marquise Goodwin,SFO,29,wr,9,6,2.33,1.33,57.1%,20.7,15.5,0.11,1.11,38,8.9,1.3,20.7,0.00,GoodMa00
255,N'Keal Harry,NWE,22,wr,7,5,3.43,1.71,50.0%,15.0,8.8,0.29,1.00,18,4.4,1.7,15.0,0.00,HarrNK00
256,Dontrell Hilliard,CLE,24,rb,14,0,1.07,0.86,80.0%,6.57,7.7,0.00,0.29,19,6.1,0.9,6.6,0.14,HillDo00
257,Dontrelle Inman,2TM,30,,7,1,3.00,1.71,57.1%,25.9,15.1,0.00,1.29,28,8.6,1.7,25.9,0.00,InmaDo00
258,Jake Kumerow,GNB,27,wr,14,4,1.50,0.86,57.1%,15.6,18.3,0.07,0.57,49,10.4,0.9,15.6,0.00,KumeJa00
259,Sony Michel,NWE,24,RB,16,14,1.25,0.75,60.0%,5.88,7.8,0.00,0.44,19,4.7,0.8,5.9,0.13,MichSo00
260,Byron Pringle,KAN,26,wr,16,0,1.00,0.75,75.0%,10.6,14.2,0.06,0.44,28,10.6,0.8,10.6,0.00,PrinBy00
261,Damion Ratley,CLE,24,wr,13,3,1.85,0.92,50.0%,15.4,16.7,0.08,0.85,46,8.3,0.9,15.4,0.00,RatlDa00
262,Duke Williams,BUF,27,,4,3,4.75,3.00,63.2%,41.5,13.8,0.25,2.00,41,8.7,3.0,41.5,0.00,WillDu01
263,Christian Blake,ATL,23,wr,9,3,2.67,1.22,45.8%,10.1,8.3,0.00,0.56,13,3.8,1.2,10.1,0.00,BlakCh00
264,DeAndre Carter,HOU,26,wr,16,3,0.88,0.69,78.6%,10.1,14.7,0.00,0.38,46,11.6,0.7,10.1,0.13,CartDe02
265,Keelan Doss,OAK,23,wr,8,2,1.75,1.38,78.6%,16.6,12.1,0.00,0.75,31,9.5,1.4,16.6,0.00,DossKe00
266,Wayne Gallman,NYG,25,rb,10,2,1.50,1.10,73.3%,10.2,9.3,0.10,0.40,21,6.8,1.1,10.2,0.00,GallWa00
267,Travis Homer,SEA,21,rb,16,1,0.81,0.69,84.6%,3.50,5.1,0.00,0.19,11,4.3,0.7,3.5,0.00,HomeTr00
268,Cordarrelle Patterson*+,CHI,28,wr,16,4,1.06,0.69,64.7%,5.19,7.5,0.00,0.19,33,4.9,0.7,5.2,0.00,PattCo00
269,Dante Pettis,SFO,24,wr,11,4,2.18,1.00,45.8%,9.91,9.9,0.18,0.64,21,4.5,1.0,9.9,0.00,PettDa00
270,Ito Smith,ATL,24,rb,7,0,2.00,1.57,78.6%,12.4,7.9,0.00,0.29,11,6.2,1.6,12.4,0.00,SmitIt00
271,JJ Arcega-Whiteside,PHI,23,wr,16,5,1.38,0.63,45.5%,10.6,16.9,0.06,0.44,30,7.7,0.6,10.6,0.00,ArceJJ00
272,Vernon Davis,WAS,35,te,4,1,4.75,2.50,52.6%,30.8,12.3,0.25,1.00,48,6.5,2.5,30.8,0.00,DaviVe00
273,Brian Hill,ATL,24,rb,12,2,1.17,0.83,71.4%,5.75,6.9,0.08,0.33,12,4.9,0.8,5.8,0.00,HillBr02
274,Mack Hollins,2TM,26,,16,3,1.44,0.63,43.5%,7.81,12.5,0.00,0.44,20,5.4,0.6,7.8,0.00,HollMa00
275,Jordan Howard,PHI,25,rb,10,4,1.40,1.00,71.4%,6.90,6.9,0.10,0.30,20,4.9,1.0,6.9,0.00,HowaJo00
276,Carlos Hyde,HOU,29,RB,16,14,1.00,0.63,62.5%,2.63,4.2,0.00,0.13,14,2.6,0.6,2.6,0.25,HydeCa00
277,Kerryon Johnson,DET,22,RB,8,7,1.88,1.25,66.7%,15.9,12.7,0.13,0.88,36,8.5,1.3,15.9,0.13,JohnKe06
278,Alexander Mattison,MIN,21,rb,13,0,0.92,0.77,83.3%,6.31,8.2,0.00,0.23,17,6.8,0.8,6.3,0.08,MattAl01
279,C.J. Prosise,SEA,25,rb,9,0,1.33,1.11,83.3%,8.44,7.6,0.00,0.33,21,6.3,1.1,8.4,0.11,ProsC.00
280,Robert Tonyan,GNB,25,te,11,1,1.36,0.91,66.7%,9.09,10.0,0.09,0.36,28,6.7,0.9,9.1,0.00,TonyRo00
281,Andrew Beck,DEN,23,te,16,6,0.75,0.56,75.0%,5.63,10.0,0.06,0.38,29,7.5,0.6,5.6,0.00,BeckAn01
282,Brandon Bolden,NWE,29,rb,15,2,0.73,0.60,81.8%,7.40,12.3,0.07,0.40,29,10.1,0.6,7.4,0.00,BoldBr00
283,Deon Cain,2TM,23,,13,6,1.54,0.69,45.0%,9.54,13.8,0.00,0.54,35,6.2,0.7,9.5,0.00,CainDe00
284,Jaeden Graham,ATL,24,te,16,0,0.63,0.56,90.0%,9.31,16.6,0.06,0.44,53,14.9,0.6,9.3,0.00,GrahJa01
285,Virgil Green,LAC,31,te,15,4,0.87,0.60,69.2%,5.20,8.7,0.07,0.27,15,6.0,0.6,5.2,0.00,GreeVi00
286,Andy Isabella,ARI,23,wr,15,1,0.87,0.60,69.2%,12.6,21.0,0.07,0.27,88,14.5,0.6,12.6,0.00,IsabAn00
287,DeSean Jackson,PHI,33,wr,3,3,3.33,3.00,90.0%,53.0,17.7,0.67,2.00,53,15.9,3.0,53.0,0.00,JackDe00
288,Justin Jackson,LAC,23,rb,7,0,1.57,1.29,81.8%,3.14,2.4,0.00,0.00,9,2.0,1.3,3.1,0.00,JackJu01
289,Joshua Perkins,PHI,26,te,5,0,2.60,1.80,69.2%,17.4,9.7,0.20,1.00,24,6.7,1.8,17.4,0.00,PerkJo02
290,Kalif Raymond,TEN,25,wr,8,1,1.50,1.13,75.0%,21.3,18.9,0.13,0.75,52,14.2,1.1,21.3,0.13,RaymKa00
291,Adam Shaheen,CHI,25,te,8,2,1.63,1.13,69.2%,9.25,8.2,0.00,0.38,18,5.7,1.1,9.3,0.13,ShahAd00
292,Wendell Smallwood,WAS,25,rb,15,0,0.87,0.60,69.2%,4.27,7.1,0.00,0.27,18,4.9,0.6,4.3,0.00,SmalWe00
293,Darwin Thompson,KAN,22,rb,12,0,0.83,0.75,90.0%,3.58,4.8,0.00,0.17,19,4.3,0.8,3.6,0.00,ThomDa06
294,Laquon Treadwell,MIN,24,wr,13,1,1.23,0.69,56.3%,14.2,20.4,0.08,0.62,58,11.5,0.7,14.2,0.00,TreaLa00
295,Damion Willis,CIN,22,wr,10,2,1.60,0.90,56.3%,8.20,9.1,0.00,0.30,17,5.1,0.9,8.2,0.00,WillDa11
296,Mo Alie-Cox,IND,26,te,16,2,0.69,0.50,72.7%,5.81,11.6,0.00,0.31,21,8.5,0.5,5.8,0.00,AlieMo00
297,Dan Arnold,2TM,24,,5,1,2.80,1.60,57.1%,25.4,15.9,0.40,1.20,37,9.1,1.6,25.4,0.00,ArnoDa00
298,Blake Bell,KAN,28,TE,15,7,1.00,0.53,53.3%,4.47,8.4,0.00,0.20,30,4.5,0.5,4.5,0.00,BellBl00
299,Antonio Callaway,CLE,22,wr,4,2,3.75,2.00,53.3%,22.3,11.1,0.00,0.75,41,5.9,2.0,22.3,0.00,CallAn00
300,Tyler Conklin,MIN,24,te,15,1,0.67,0.53,80.0%,3.87,7.3,0.00,0.13,20,5.8,0.5,3.9,0.00,ConkTy00
301,Trevor Davis,3TM,26,,14,4,0.79,0.57,72.7%,7.93,13.9,0.00,0.29,28,10.1,0.6,7.9,0.21,DaviTr03
302,Hale Hentges,WAS,23,te,11,4,1.27,0.73,57.1%,9.36,12.9,0.09,0.55,24,7.4,0.7,9.4,0.00,HentHa00
303,Justice Hill,BAL,22,rb,16,0,0.94,0.50,53.3%,4.38,8.8,0.00,0.31,14,4.7,0.5,4.4,0.00,HillJu00
304,Chris Hogan,CAR,32,wr,7,1,2.14,1.14,53.3%,9.57,8.4,0.00,0.43,13,4.5,1.1,9.6,0.00,HogaCh00
305,Jesper Horsted,CHI,22,wr,6,1,1.67,1.33,80.0%,14.5,10.9,0.17,0.67,20,8.7,1.3,14.5,0.17,HorsJe00
306,Rashaad Penny,SEA,23,rb,10,0,1.10,0.80,72.7%,8.30,10.4,0.10,0.30,30,7.5,0.8,8.3,0.10,PennRa00
307,Patrick Ricard*,BAL,25,FB,16,7,0.69,0.50,72.7%,2.94,5.9,0.06,0.19,10,4.3,0.5,2.9,0.00,RicaPa00
308,Luke Stocker,ATL,31,TE,15,9,0.93,0.53,57.1%,3.53,6.6,0.00,0.13,18,3.8,0.5,3.5,0.07,StocLu00
309,Tommy Sweeney,BUF,24,te,6,1,2.17,1.33,61.5%,19.0,14.3,0.00,0.67,29,8.8,1.3,19.0,0.00,SweeTo00
310,Ryan Switzer,PIT,25,wr,9,0,1.22,0.89,72.7%,3.00,3.4,0.00,0.22,8,2.5,0.9,3.0,0.11,SwitRy00
311,Luke Willson,SEA,29,te,8,7,1.25,1.00,80.0%,9.88,9.9,0.00,0.63,17,7.9,1.0,9.9,0.00,WillLu00
312,Brandon Zylstra,CAR,26,wr,8,0,1.50,1.00,66.7%,13.3,13.3,0.00,0.63,40,8.8,1.0,13.3,0.13,ZylsBr00
313,Daniel Brown,NYJ,27,wr,16,5,0.69,0.44,63.6%,4.50,10.3,0.06,0.25,24,6.5,0.4,4.5,0.00,BrowDa04
314,Mike Davis,2TM,26,,12,1,0.67,0.58,87.5%,1.83,3.1,0.00,0.08,7,2.8,0.6,1.8,0.00,DaviMi01
315,Gus Edwards,BAL,24,rb,16,1,0.44,0.44,100.0%,2.81,6.4,0.00,0.13,10,6.4,0.4,2.8,0.13,EdwaGu00
316,Myles Gaskin,MIA,22,rb,7,0,1.71,1.00,58.3%,7.29,7.3,0.00,0.29,20,4.3,1.0,7.3,0.00,GaskMy00
317,Derrius Guice,WAS,22,rb,5,1,1.80,1.40,77.8%,15.8,11.3,0.20,0.40,45,8.8,1.4,15.8,0.00,GuicDe00
318,Marvin Hall,DET,26,wr,9,0,1.22,0.78,63.6%,29.0,37.3,0.11,0.78,58,23.7,0.8,29.0,0.00,HallMa02
319,J.P. Holtz,2TM,26,,15,7,0.53,0.47,87.5%,6.07,13.0,0.00,0.27,30,11.4,0.5,6.1,0.00,HoltJ.01
320,Bilal Powell,NYJ,31,rb,13,1,0.92,0.54,58.3%,2.54,4.7,0.00,0.00,9,2.8,0.5,2.5,0.00,PoweBi00
321,Durham Smythe,MIA,24,TE,16,14,0.88,0.44,50.0%,4.06,9.3,0.00,0.13,24,4.6,0.4,4.1,0.00,SmytDu00
322,Danny Vitale,GNB,26,rb,15,4,0.80,0.47,58.3%,6.47,13.9,0.00,0.20,27,8.1,0.5,6.5,0.00,VitaDa00
323,Jordan Wilkins,IND,25,rb,14,1,0.79,0.50,63.6%,3.07,6.1,0.00,0.07,11,3.9,0.5,3.1,0.00,WilkJo01
324,Kenjon Barner,ATL,30,rb,14,0,0.57,0.43,75.0%,1.57,3.7,0.00,0.07,13,2.8,0.4,1.6,0.29,BarnKe00
325,Travis Benjamin,LAC,30,wr,5,2,3.20,1.20,37.5%,6.00,5.0,0.00,0.60,13,1.9,1.2,6.0,0.00,BenjTr00
326,Braxton Berrios,NYJ,24,wr,16,0,0.81,0.38,46.2%,7.19,19.2,0.00,0.19,69,8.8,0.4,7.2,0.06,BerrBr00
327,Reggie Bonnafon,CAR,23,rb,16,0,0.56,0.38,66.7%,3.56,9.5,0.00,0.06,32,6.3,0.4,3.6,0.00,BonnRe00
328,Devontae Booker,DEN,27,rb,16,0,0.56,0.38,66.7%,3.56,9.5,0.00,0.06,25,6.3,0.4,3.6,0.00,BookDe00
329,Ben Braunecker,CHI,25,te,11,3,1.00,0.55,54.5%,5.36,9.8,0.09,0.45,18,5.4,0.5,5.4,0.00,BrauBe00
330,Trey Edmunds,PIT,25,te,11,0,0.64,0.55,85.7%,4.36,8.0,0.00,0.18,11,6.9,0.5,4.4,0.00,EdmuTr00
331,Troy Fumagalli,DEN,24,te,11,5,0.82,0.55,66.7%,3.45,6.3,0.09,0.09,9,4.2,0.5,3.5,0.00,FumaTr00
332,Deonte Harris*+,NOR,22,wr,14,1,0.43,0.43,100.0%,1.71,4.0,0.00,0.14,13,4.0,0.4,1.7,0.21,HarrDe07
333,Alec Ingold,OAK,23,fb,16,4,0.38,0.38,100.0%,2.75,7.3,0.06,0.25,14,7.3,0.4,2.8,0.00,IngoAl01
334,Ryan Izzo,NWE,24,te,6,4,1.50,1.00,66.7%,19.0,19.0,0.17,0.67,41,12.7,1.0,19.0,0.00,IzzoRy00
335,Richie James,SFO,24,wr,16,1,0.63,0.38,60.0%,10.3,27.5,0.06,0.31,57,16.5,0.4,10.3,0.06,JameRi00
336,D'Ernest Johnson,CLE,23,rb,16,0,0.44,0.38,85.7%,4.44,11.8,0.00,0.06,27,10.1,0.4,4.4,0.00,JohnDE04
337,Tyler Kroft,BUF,27,te,11,3,1.27,0.55,42.9%,6.45,11.8,0.09,0.45,20,5.1,0.5,6.5,0.00,KrofTy00
338,Zach Line,NOR,29,rb,12,2,0.83,0.50,60.0%,3.00,6.0,0.00,0.08,12,3.6,0.5,3.0,0.00,LineZa01
339,Andre Patton,LAC,25,WR,13,5,1.31,0.46,35.3%,4.31,9.3,0.00,0.31,15,3.3,0.5,4.3,0.00,PattAn00
340,MyCole Pruitt,TEN,27,TE,16,10,0.50,0.38,75.0%,5.63,15.0,0.06,0.25,42,11.3,0.4,5.6,0.00,PruiMy00
341,Riley Ridley,CHI,23,wr,5,0,1.40,1.20,85.7%,13.8,11.5,0.00,0.80,32,9.9,1.2,13.8,0.00,RidlRi00
342,Diontae Spencer,DEN,27,wr,16,2,0.50,0.38,75.0%,1.94,5.2,0.00,0.06,20,3.9,0.4,1.9,0.19,SpenDi00
343,Darren Sproles,PHI,36,rb,6,1,1.67,1.00,60.0%,4.00,4.0,0.00,0.17,7,2.4,1.0,4.0,0.17,SproDa00
344,Marcell Ateman,OAK,25,wr,11,0,0.91,0.45,50.0%,10.5,23.2,0.00,0.36,36,11.6,0.5,10.5,0.09,AtemMa00
345,Stephen Carlson,CLE,23,te,9,5,0.78,0.56,71.4%,5.67,10.2,0.11,0.22,21,7.3,0.6,5.7,0.00,CarlSt00
346,Patrick DiMarco,BUF,30,fb,16,4,0.44,0.31,71.4%,2.56,8.2,0.00,0.06,27,5.9,0.3,2.6,0.00,DiMaPa00
347,Andy Janovich,DEN,26,rb,7,3,0.71,0.71,100.0%,6.00,8.4,0.00,0.14,22,8.4,0.7,6.0,0.00,JanoAn00
348,David Njoku,CLE,23,te,4,1,2.50,1.25,50.0%,10.3,8.2,0.25,0.75,18,4.1,1.3,10.3,0.00,NjokDa00
349,Drew Sample,CIN,23,te,9,2,0.67,0.56,83.3%,3.33,6.0,0.00,0.11,21,5.0,0.6,3.3,0.00,SampDr00
350,Devin Smith,DAL,27,wr,4,2,2.25,1.25,55.6%,28.3,22.6,0.25,1.00,51,12.6,1.3,28.3,0.00,SmitDe04
351,Spencer Ware,KAN,28,rb,3,1,2.33,1.67,71.4%,7.33,4.4,0.00,0.33,18,3.1,1.7,7.3,0.33,WareSp00
352,Jonathan Williams,IND,25,rb,9,1,0.56,0.56,100.0%,6.56,11.8,0.00,0.33,31,11.8,0.6,6.6,0.00,WillJo07
353,Cedrick Wilson Jr.,DAL,24,wr,6,0,1.33,0.83,62.5%,7.67,9.2,0.00,0.33,14,5.8,0.8,7.7,0.00,WilsCe01
354,Nick Bawden,DET,23,rb,10,2,0.60,0.40,66.7%,1.70,4.3,0.00,0.10,10,2.8,0.4,1.7,0.00,BawdNi00
355,Khari Blasingame,TEN,23,rb,6,3,0.83,0.67,80.0%,9.00,13.5,0.00,0.33,24,10.8,0.7,9.0,0.00,BlasKh00
356,Antonio Brown,NWE,31,wr,1,0,8.00,4.00,50.0%,56.0,14.0,1.00,3.00,20,7.0,4.0,56.0,0.00,BrowAn04
357,Tra Carson,2TM,27,,3,1,1.33,1.33,100.0%,6.00,4.5,0.00,0.00,8,4.5,1.3,6.0,0.00,CarsTr01
358,Michael Crabtree,ARI,32,wr,2,1,2.50,2.00,80.0%,11.0,5.5,0.00,0.00,9,4.4,2.0,11.0,0.00,CrabMi00
359,Ryan Grant,OAK,29,wr,2,1,4.50,2.00,44.4%,7.00,3.5,0.00,0.50,9,1.6,2.0,7.0,0.00,GranRy01
360,Darrell Henderson,LAR,22,rb,13,0,0.46,0.31,66.7%,2.85,9.3,0.00,0.08,14,6.2,0.3,2.8,0.00,HendDa00
361,Rashard Higgins,CLE,25,wr,10,1,1.10,0.40,36.4%,5.50,13.8,0.10,0.30,35,5.0,0.4,5.5,0.00,HiggRa00
362,KhaDarel Hodge,CLE,24,wr,16,1,0.63,0.25,40.0%,4.75,19.0,0.00,0.19,41,7.6,0.3,4.8,0.00,HodgKh00
363,Tevin Jones,PIT,27,wr,5,0,2.00,0.80,40.0%,12.2,15.3,0.00,0.20,28,6.1,0.8,12.2,0.00,JoneTe02
364,Jordan Matthews,2TM,27,,3,1,4.00,1.33,33.3%,11.0,8.3,0.00,0.33,10,2.8,1.3,11.0,0.00,MattJo00
365,Donte Moncrief,2TM,26,,8,2,1.88,0.50,26.7%,2.25,4.5,0.00,0.13,11,1.2,0.5,2.3,0.00,MoncDo00
366,Johnny Mundt,LAR,25,te,13,2,0.54,0.31,57.1%,2.00,6.5,0.00,0.08,9,3.7,0.3,2.0,0.00,MundJo00
367,JJ Nelson,OAK,27,wr,2,1,2.50,2.00,80.0%,18.0,9.0,0.50,0.50,29,7.2,2.0,18.0,0.00,NelsJJ00
368,Trent Sherfield,ARI,23,wr,16,1,0.81,0.25,30.8%,5.00,20.0,0.00,0.25,38,6.2,0.3,5.0,0.00,SherTr00
369,Lee Smith,BUF,32,wr,16,5,0.31,0.25,80.0%,1.94,7.8,0.06,0.13,9,6.2,0.3,1.9,0.00,SmitLe00
370,Ross Travis,IND,26,lb,3,1,2.00,1.33,66.7%,17.0,12.8,0.00,0.33,25,8.5,1.3,17.0,0.33,TravRo00
371,Clive Walford,MIA,28,te,7,3,1.14,0.57,50.0%,8.14,14.3,0.00,0.57,19,7.1,0.6,8.1,0.00,WalfCl00
372,DeAndrew White,CAR,28,wr,10,0,0.90,0.40,44.4%,5.10,12.8,0.00,0.30,18,5.7,0.4,5.1,0.00,WhitDe01
373,Mike Boone,MIN,24,rb,16,2,0.25,0.19,75.0%,1.06,5.7,0.00,0.00,7,4.3,0.2,1.1,0.00,BoonMi00
374,Cody Core,NYG,25,wr,16,0,0.31,0.19,60.0%,1.75,9.3,0.00,0.13,11,5.6,0.2,1.8,0.00,CoreCo00
375,Geremy Davis,LAC,27,wr,7,1,0.43,0.43,100.0%,5.43,12.7,0.00,0.14,19,12.7,0.4,5.4,0.00,DaviGe00
376,Robert Foster,BUF,25,wr,13,2,1.38,0.23,16.7%,4.92,21.3,0.00,0.23,24,3.6,0.2,4.9,0.00,FostRo01
377,Devin Funchess,IND,25,wr,1,1,5.00,3.00,60.0%,32.0,10.7,0.00,2.00,16,6.4,3.0,32.0,0.00,FuncDe00
378,Jon Hilliman,NYG,24,rb,3,1,1.33,1.00,75.0%,0.33,0.3,0.00,0.00,5,0.3,1.0,0.3,0.67,HillJo03
379,Johnny Holton,PIT,29,wr,16,3,0.94,0.19,20.0%,1.31,7.0,0.00,0.06,18,1.4,0.2,1.3,0.00,HoltJo00
380,T.J. Jones,NYG,27,wr,3,0,1.33,1.00,75.0%,12.7,12.7,0.33,0.67,28,9.5,1.0,12.7,1.00,JoneT.00
381,Lance Kendricks,LAC,31,te,12,1,0.58,0.25,42.9%,4.17,16.7,0.00,0.25,24,7.1,0.3,4.2,0.00,KendLa00
382,Chris Lacy,DET,23,wr,7,2,1.43,0.43,30.0%,8.57,20.0,0.00,0.29,48,6.0,0.4,8.6,0.00,LacyCh00
383,Marqise Lee,JAX,28,wr,6,1,0.67,0.50,75.0%,3.00,6.0,0.00,0.33,8,4.5,0.5,3.0,0.00,LeexMa00
384,Chris Moore,BAL,26,wr,14,1,0.36,0.21,60.0%,1.50,7.0,0.00,0.00,13,4.2,0.2,1.5,0.00,MoorCh00
385,Stanley Morgan Jr.,CIN,23,wr,11,0,0.91,0.27,30.0%,1.64,6.0,0.00,0.00,9,1.8,0.3,1.6,0.00,MorgSt02
386,Josh Oliver,JAX,22,te,4,1,1.50,0.75,50.0%,3.75,5.0,0.00,0.00,6,2.5,0.8,3.8,0.00,OlivJo00
387,Devine Ozigbo,JAX,23,rb,10,0,0.50,0.30,60.0%,2.30,7.7,0.00,0.10,12,4.6,0.3,2.3,0.00,OzigDe01
388,Andre Roberts*,BUF,31,wr,13,0,0.54,0.23,42.9%,1.54,6.7,0.00,0.08,7,2.9,0.2,1.5,0.08,RobeAn00
389,Russell Shepard,NYG,29,wr,3,0,2.67,1.00,37.5%,8.33,8.3,0.00,0.33,12,3.1,1.0,8.3,0.00,ShepRu00
390,Benny Snell Jr.,PIT,21,rb,13,2,0.31,0.23,75.0%,1.77,7.7,0.00,0.00,14,5.8,0.2,1.8,0.08,SnelBe00
391,Derek Watt,LAC,27,rb,16,2,0.31,0.19,60.0%,2.00,10.7,0.00,0.06,21,6.4,0.2,2.0,0.00,WattDe00
392,Bobo Wilson,TAM,24,wr,6,1,1.83,0.50,27.3%,5.83,11.7,0.00,0.33,14,3.2,0.5,5.8,0.50,WilsJe00
393,Jeff Wilson,SFO,24,rb,10,0,0.50,0.30,60.0%,3.40,11.3,0.10,0.10,25,6.8,0.3,3.4,0.00,WilsJe01
394,Deon Yelder,KAN,24,te,9,1,0.44,0.33,75.0%,5.56,16.7,0.00,0.22,24,12.5,0.3,5.6,0.00,YeldDe00
395,Olamide Zaccheaus,ATL,22,wr,10,0,0.50,0.30,60.0%,11.5,38.3,0.10,0.20,93,23.0,0.3,11.5,0.00,ZaccOl01
396,Alex Armah,CAR,25,fb,16,1,0.13,0.13,100.0%,0.38,3.0,0.00,0.00,4,3.0,0.1,0.4,0.00,ArmaAl00
397,Chad Beebe,MIN,25,wr,3,0,0.67,0.67,100.0%,23.3,35.0,0.00,0.67,61,35.0,0.7,23.3,1.00,BeebCh00
398,Josh Bellamy,NYJ,30,wr,7,0,0.43,0.29,66.7%,2.86,10.0,0.00,0.14,15,6.7,0.3,2.9,0.00,BellJo02
399,Nick Bellore,SEA,30,lb,14,1,0.14,0.14,100.0%,1.64,11.5,0.07,0.14,20,11.5,0.1,1.6,0.00,BellNi01
400,C.J. Board,JAX,26,wr,4,0,1.00,0.50,50.0%,7.75,15.5,0.00,0.25,23,7.8,0.5,7.8,0.00,BoarC.00
401,Fred Brown,DEN,26,wr,13,1,0.23,0.15,66.7%,1.62,10.5,0.00,0.08,16,7.0,0.2,1.6,0.08,BrowFr01
402,Malcolm Brown,LAR,26,rb,14,1,0.43,0.14,33.3%,1.14,8.0,0.00,0.00,10,2.7,0.1,1.1,0.00,BrowMa03
403,Pharaoh Brown,CLE,25,TE,9,6,0.33,0.22,66.7%,3.00,13.5,0.00,0.11,18,9.0,0.2,3.0,0.00,BrowPh01
404,Deontay Burnett,PHI,22,wr,1,1,4.00,2.00,50.0%,48.0,24.0,0.00,1.00,41,12.0,2.0,48.0,0.00,BurnDe00
405,Cethan Carter,CIN,24,te,15,0,0.20,0.13,66.7%,0.87,6.5,0.07,0.13,8,4.3,0.1,0.9,0.00,CartCe00
406,Robert Davis,2TM,24,,6,3,0.83,0.33,40.0%,2.83,8.5,0.00,0.33,11,3.4,0.3,2.8,0.00,DaviRo00
407,Ashton Dulin,IND,22,wr,13,0,0.15,0.15,100.0%,1.31,8.5,0.00,0.00,13,8.5,0.2,1.3,0.00,DuliAs00
408,Tyler Ervin,2TM,26,,10,0,0.40,0.20,50.0%,1.10,5.5,0.00,0.10,6,2.8,0.2,1.1,0.20,ErviTy00
409,Rico Gafford,OAK,23,db,4,1,0.50,0.50,100.0%,16.5,33.0,0.25,0.50,49,33.0,0.5,16.5,0.00,GaffRi00
410,Wes Hills,DET,24,rb,1,1,2.00,2.00,100.0%,1.00,0.5,0.00,0.00,2,0.5,2.0,1.0,0.00,HillWe00
411,Alexander Hollins,MIN,23,wr,5,1,0.80,0.40,50.0%,9.20,23.0,0.00,0.40,35,11.5,0.4,9.2,0.00,HollAl00
412,Cody Hollister,TEN,26,wr,5,0,0.40,0.40,100.0%,2.60,6.5,0.00,0.00,11,6.5,0.4,2.6,0.00,HollCo00
413,Tanner Hudson,TAM,25,te,9,1,0.56,0.22,40.0%,2.89,13.0,0.00,0.11,14,5.2,0.2,2.9,0.00,HudsTa00
414,Ishmael Hyman,TAM,24,wr,2,1,2.00,1.00,50.0%,17.0,17.0,0.00,1.00,31,8.5,1.0,17.0,0.00,HymaIs00
415,Darius Jennings,TEN,27,wr,8,0,0.63,0.25,40.0%,2.13,8.5,0.00,0.25,11,3.4,0.3,2.1,0.00,JennDa00
416,T.J. Logan,TAM,25,fb,12,0,0.25,0.17,66.7%,1.08,6.5,0.00,0.08,11,4.3,0.2,1.1,0.00,LogaT.00
417,Steven Mitchell,HOU,25,wr,3,1,2.00,0.67,33.3%,12.3,18.5,0.00,0.67,21,6.2,0.7,12.3,0.00,MitcSt02
418,Jason Moore,LAC,24,wr,10,0,0.50,0.20,40.0%,4.30,21.5,0.00,0.20,32,8.6,0.2,4.3,0.00,MoorJa02
419,Isaac Nauta,DET,22,te,6,0,0.50,0.33,66.7%,2.17,6.5,0.00,0.17,10,4.3,0.3,2.2,0.00,NautIs00
420,Roosevelt Nix,PIT,27,rb,3,0,1.00,0.67,66.7%,1.33,2.0,0.00,0.00,4,1.3,0.7,1.3,0.00,NixxRo01
421,Gunner Olszewski,NWE,23,wr,8,0,0.50,0.25,50.0%,4.25,17.0,0.00,0.13,29,8.5,0.3,4.3,0.13,OlszGu00
422,Elijhaa Penny,NYG,26,rb,16,1,0.25,0.13,50.0%,0.56,4.5,0.00,0.00,9,2.3,0.1,0.6,0.00,PennEl00
423,Troymaine Pope,LAC,26,rb,14,0,0.21,0.14,66.7%,1.00,7.0,0.07,0.07,13,4.7,0.1,1.0,0.07,PopeTr00
424,Eric Saubert,CHI,25,te,2,0,1.50,1.00,66.7%,10.5,10.5,0.00,0.50,11,7.0,1.0,10.5,0.00,SaubEr00
425,Da'Mari Scott,NYG,24,wr,5,2,0.60,0.40,66.7%,4.40,11.0,0.00,0.40,11,7.3,0.4,4.4,0.00,ScotDa02
426,Anthony Sherman,KAN,31,rb,16,0,0.19,0.13,66.7%,1.38,11.0,0.00,0.13,15,7.3,0.1,1.4,0.00,SherAn00
427,Scott Simonson,NYG,27,te,5,1,0.40,0.40,100.0%,2.20,5.5,0.00,0.20,10,5.5,0.4,2.2,0.00,SimoSc00
428,Cam Sims,WAS,23,wr,7,1,0.43,0.29,66.7%,3.86,13.5,0.00,0.14,15,9.0,0.3,3.9,0.00,SimsCa00
429,Mike Thomas,LAR,25,wr,16,0,0.31,0.13,40.0%,0.88,7.0,0.00,0.06,9,2.8,0.1,0.9,0.00,ThomMi04
430,Levine Toilolo,SFO,28,te,13,0,0.15,0.15,100.0%,0.77,5.0,0.00,0.00,8,5.0,0.2,0.8,0.00,ToilLe00
431,Michael Walker,JAX,23,wr,7,0,0.43,0.29,66.7%,2.14,7.5,0.00,0.14,9,5.0,0.3,2.1,0.29,WalkMi00
432,Trevon Wesco,NYJ,24,,16,1,0.19,0.13,66.7%,2.94,23.5,0.00,0.13,32,15.7,0.1,2.9,0.00,WescTr00
433,Zach Zenner,3TM,28,,5,0,0.60,0.40,66.7%,3.80,9.5,0.00,0.40,13,6.3,0.4,3.8,0.00,ZennZa00
434,Jamal Agnew,DET,24,db,13,0,0.15,0.08,50.0%,-0.15,-2.0,0.00,0.00,-2,-1.0,0.1,-0.2,0.08,AgneJa00
435,Javorius Allen,NYG,28,rb,10,0,0.20,0.10,50.0%,0.90,9.0,0.00,0.00,9,4.5,0.1,0.9,0.00,AlleJa01
436,Antony Auclair,TAM,26,te,8,5,0.38,0.13,33.3%,1.38,11.0,0.00,0.13,11,3.7,0.1,1.4,0.00,AuclAn00
437,David Blough,DET,24,qb,5,5,0.20,0.20,100.0%,3.80,19.0,0.20,0.20,19,19.0,0.2,3.8,0.20,BlouDa00
438,Garrett Bradbury,MIN,24,C,16,16,0.06,0.06,100.0%,-0.25,-4.0,0.00,0.00,-4,-4.0,0.1,-0.3,0.00,BradGa00
439,Jacoby Brissett,IND,27,QB,15,15,0.07,0.07,100.0%,0.13,2.0,0.00,0.00,2,2.0,0.1,0.1,0.47,BrisJa00
440,Ventell Bryant,DAL,23,wr,12,0,0.08,0.08,100.0%,1.25,15.0,0.08,0.08,15,15.0,0.1,1.3,0.00,BryaVe00
441,Kevin Byard,TEN,26,FS,16,16,0.06,0.06,100.0%,0.69,11.0,0.00,0.06,11,11.0,0.1,0.7,0.00,ByarKe01
442,Austin Carr,NOR,26,wr,6,3,0.67,0.17,25.0%,1.50,9.0,0.00,0.17,9,2.3,0.2,1.5,0.00,CarrAu00
443,Sean Culkin,LAC,26,te,4,2,0.50,0.25,50.0%,3.00,12.0,0.00,0.25,12,6.0,0.3,3.0,0.00,CulkSe00
444,Andy Dalton,CIN,32,QB,13,13,0.08,0.08,100.0%,-0.31,-4.0,0.00,0.00,-4,-4.0,0.1,-0.3,0.62,DaltAn00
445,Darrell Daniels,ARI,25,te,11,0,0.27,0.09,33.3%,0.36,4.0,0.00,0.09,4,1.3,0.1,0.4,0.00,DaniDa02
446,Cody Davis,JAX,30,db,16,0,0.06,0.06,100.0%,0.44,7.0,0.00,0.06,7,7.0,0.1,0.4,0.00,DaviCo02
447,Rashard Davis,TEN,24,wr,1,0,1.00,1.00,100.0%,16.0,16.0,0.00,1.00,16,16.0,1.0,16.0,0.00,DaviRa01
448,Dion Dawkins,BUF,25,LT,16,16,0.06,0.06,100.0%,0.06,1.0,0.06,0.06,1,1.0,0.1,0.1,0.00,DawkDi00
449,Michael Deiter,MIA,23,LG,16,15,0.06,0.06,100.0%,0.00,0.0,0.00,0.00,0,0.0,0.1,0.0,0.00,DeitMi00
450,Jeff Driskel,DET,26,qb,3,3,0.33,0.33,100.0%,2.00,6.0,0.00,0.00,6,6.0,0.3,2.0,0.33,DrisJe00
451,Quincy Enunwa,NYJ,27,wr,1,1,3.00,1.00,33.3%,-4.00,-4.0,0.00,0.00,8,-1.3,1.0,-4.0,1.00,EnunQu00
452,Zach Gentry,PIT,23,te,4,0,0.25,0.25,100.0%,1.00,4.0,0.00,0.25,4,4.0,0.3,1.0,0.00,GentZa00
453,Cyril Grayson,TAM,26,wr,2,0,0.50,0.50,100.0%,1.50,3.0,0.00,0.00,3,3.0,0.5,1.5,0.00,GrayCy01
454,Xavier Grimble,PIT,27,te,3,1,1.00,0.33,33.3%,1.00,3.0,0.00,0.00,3,1.0,0.3,1.0,0.00,GrimXa00
455,Dwayne Harris,OAK,32,wr,3,0,0.33,0.33,100.0%,2.33,7.0,0.00,0.00,7,7.0,0.3,2.3,0.00,HarrDw00
456,Chris Herndon,NYJ,23,te,1,0,2.00,1.00,50.0%,7.00,7.0,0.00,0.00,7,3.5,1.0,7.0,0.00,HernCh00
457,Krishawn Hogan,NOR,24,wr,8,0,0.13,0.13,100.0%,0.50,4.0,0.00,0.00,4,4.0,0.1,0.5,0.00,HogaKr00
458,Jakob Johnson,NWE,25,FB,4,3,0.50,0.25,50.0%,1.25,5.0,0.00,0.00,5,2.5,0.3,1.3,0.00,JohnJa12
459,Charles Jones,JAX,23,te,4,0,0.25,0.25,100.0%,1.25,5.0,0.00,0.00,5,5.0,0.3,1.3,0.00,JoneCh10
460,Taiwan Jones,HOU,31,rb,11,0,0.09,0.09,100.0%,0.82,9.0,0.00,0.00,9,9.0,0.1,0.8,0.00,JoneTa00
461,Dennis Kelly,TEN,29,t,15,4,0.07,0.07,100.0%,0.07,1.0,0.07,0.07,1,1.0,0.1,0.1,0.00,KellDe00
462,Ben Koyack,JAX,26,te,11,6,0.27,0.09,33.3%,0.82,9.0,0.00,0.00,9,3.0,0.1,0.8,0.00,KoyaBe00
463,Chris Manhertz,CAR,27,te,15,6,0.07,0.07,100.0%,0.73,11.0,0.00,0.07,11,11.0,0.1,0.7,0.00,ManhCh00
464,Codey McElroy,TAM,27,te,1,0,1.00,1.00,100.0%,30.0,30.0,0.00,1.00,30,30.0,1.0,30.0,0.00,McElCo00
465,Kaleb McGary,ATL,24,RT,16,16,0.06,0.06,100.0%,-0.19,-3.0,0.00,0.00,-3,-3.0,0.1,-0.2,0.00,McGaKa00
466,Qadree Ollison,ATL,23,rb,8,0,0.25,0.13,50.0%,0.88,7.0,0.00,0.13,7,3.5,0.1,0.9,0.13,OlliQa00
467,Ricky Ortiz,NOR,25,fb,1,0,1.00,1.00,100.0%,8.00,8.0,0.00,0.00,8,8.0,1.0,8.0,0.00,OrtiRi00
468,Paul Perkins,DET,25,rb,4,0,0.25,0.25,100.0%,2.25,9.0,0.00,0.00,9,9.0,0.3,2.3,0.00,PerkPa00
469,Senorise Perry,BUF,28,rb,11,0,0.09,0.09,100.0%,0.09,1.0,0.00,0.00,1,1.0,0.1,0.1,0.00,PerrSe00
470,David Quessenberry,TEN,29,t,4,0,0.25,0.25,100.0%,0.25,1.0,0.25,0.25,1,1.0,0.3,0.3,0.00,QuesDa00
471,Elandon Roberts,NWE,25,lb,16,3,0.06,0.06,100.0%,2.38,38.0,0.06,0.06,38,38.0,0.1,2.4,0.00,RobeEl00
472,Ty Sambrailo,ATL,27,t,13,0,0.08,0.08,100.0%,2.69,35.0,0.08,0.08,35,35.0,0.1,2.7,0.00,SambTy00
473,Jason Sanders,MIA,24,k,16,0,0.06,0.06,100.0%,0.06,1.0,0.06,0.06,1,1.0,0.1,0.1,0.00,SandJa00
474,Bo Scarbrough,DET,25,rb,6,5,0.67,0.17,25.0%,0.83,5.0,0.00,0.00,5,1.3,0.2,0.8,0.17,ScarBo01
475,Dalton Schultz,DAL,23,te,16,0,0.13,0.06,50.0%,0.38,6.0,0.00,0.00,6,3.0,0.1,0.4,0.00,SchuDa00
476,Jaleel Scott,BAL,24,wr,3,0,1.00,0.33,33.3%,2.00,6.0,0.00,0.00,6,2.0,0.3,2.0,0.00,ScotJa02
477,Nick Scott,LAR,24,db,16,0,0.06,0.06,100.0%,1.44,23.0,0.00,0.06,23,23.0,0.1,1.4,0.00,ScotNi01
478,Darrius Shepherd,GNB,24,wr,6,0,0.33,0.17,50.0%,0.17,1.0,0.00,0.00,1,0.5,0.2,0.2,0.17,ShepDa00
479,Jeff Smith,NYJ,22,wr,1,0,2.00,1.00,50.0%,12.0,12.0,0.00,1.00,12,6.0,1.0,12.0,0.00,SmitJe03
480,Keith Smith,ATL,27,fb,16,5,0.19,0.06,33.3%,0.81,13.0,0.00,0.06,13,4.3,0.1,0.8,0.00,SmitKe03
481,Tyrone Swoopes,SEA,25,te,5,2,0.20,0.20,100.0%,1.00,5.0,0.00,0.00,5,5.0,0.2,1.0,0.00,SwooTy00
482,Wyatt Teller,CLE,25,RG,15,9,0.07,0.07,100.0%,-0.33,-5.0,0.00,0.00,-5,-5.0,0.1,-0.3,0.00,TellWy00
483,De'Anthony Thomas,2TM,26,,14,0,0.14,0.07,50.0%,0.43,6.0,0.00,0.00,6,3.0,0.1,0.4,0.21,ThomDe05
484,Jordan Thomas,HOU,23,te,5,2,0.60,0.20,33.3%,1.60,8.0,0.00,0.00,8,2.7,0.2,1.6,0.00,ThomJo05
485,Eric Tomlinson,3TM,27,,8,3,0.13,0.13,100.0%,0.13,1.0,0.00,0.00,1,1.0,0.1,0.1,0.00,TomlEr01
486,John Ursua,SEA,25,wr,3,0,0.33,0.33,100.0%,3.67,11.0,0.00,0.33,11,11.0,0.3,3.7,0.00,UrsuJo00
487,Vita Vea,TAM,24,NT,16,16,0.06,0.06,100.0%,0.06,1.0,0.06,0.06,1,1.0,0.1,0.1,0.00,VeaxVi00
488,Dwayne Washington,NOR,25,rb,16,0,0.06,0.06,100.0%,0.38,6.0,0.00,0.00,6,6.0,0.1,0.4,0.00,WashDw00
489,Deshaun Watson*,HOU,24,QB,15,15,0.07,0.07,100.0%,0.40,6.0,0.07,0.07,6,6.0,0.1,0.4,0.67,WatsDe00
490,Kerrith Whyte Jr,PIT,23,rb,6,0,0.17,0.17,100.0%,1.50,9.0,0.00,0.17,9,9.0,0.2,1.5,0.00,WhytKe00
491,Christian Wilkins,MIA,24,RDE,16,14,0.06,0.06,100.0%,0.06,1.0,0.06,0.06,1,1.0,0.1,0.1,0.06,WilkCh00